0;1726
1;1737
2;1737
3;1715
4;1715
5;1704
6;1704
7;1704
8;1704
9;1693
10;1748
11;1737
12;1726
13;1737
14;1726
15;1726
16;1726
17;1704
18;1704
19;1704
20;1704
21;1715
22;1715
23;1715
24;1715
25;1737
26;1726
27;1748
28;1759
29;1715
30;1748
31;1737
32;1726
33;1726
34;1715
35;1737
36;1737
37;1759
38;1726
39;1737
40;1748
41;1737
42;1737
43;1726
44;1748
45;1748
46;1726
47;1726
48;1737
49;1737
50;1770
51;1825
52;1737
53;1726
54;1726
55;1748
56;1737
57;1726
58;1726
59;1759
60;1770
61;1792
62;1737
63;1737
64;1770
65;1748
66;1726
67;1737
68;1737
69;1737
70;1737
71;1748
72;1748
73;1770
74;1770
75;1770
76;1737
77;1748
78;1759
79;1759
80;1770
81;1748
82;1748
83;1748
84;1770
85;1770
86;1737
87;1737
88;1737
89;1781
90;1770
91;1770
92;1792
93;1770
94;1759
95;1781
96;1814
97;1781
98;1803
99;1803
100;1781
101;1781
102;1781
103;1803
104;1803
105;1770
106;1792
107;1814
108;1781
109;1803
110;1825
111;1781
112;1759
113;1825
114;1781
115;1770
116;1814
117;1814
118;1814
119;1759
120;1748
121;1770
122;1781
123;1781
124;1781
125;1792
126;1792
127;1770
128;1770
129;1759
130;1748
131;1781
132;1803
133;1759
134;1792
135;1803
136;1803
137;1792
138;1814
139;1781
140;1792
141;1792
142;1803
143;1781
144;1781
145;1803
146;1792
147;1792
148;1803
149;1803
150;1792
151;1792
152;1825
153;1792
154;1792
155;1847
156;1803
157;1814
158;1814
159;1836
160;1792
161;1825
162;1825
163;1803
164;1803
165;1814
166;1825
167;1825
168;1836
169;1803
170;1792
171;1803
172;1825
173;1825
174;1825
175;1814
176;1825
177;1814
178;1847
179;1825
180;1825
181;1825
182;1825
183;1836
184;1825
185;1825
186;1825
187;1825
188;1825
189;1814
190;1814
191;1814
192;1847
193;1880
194;1847
195;1847
196;1836
197;1836
198;1836
199;1836
200;1836
201;1825
202;1847
203;1803
204;1836
205;1847
206;1847
207;1814
208;1869
209;1836
210;1814
211;1825
212;1814
213;1814
214;1836
215;1836
216;1814
217;1814
218;1814
219;1814
220;1814
221;1825
222;1825
223;1847
224;1836
225;1836
226;1836
227;1836
228;1814
229;1858
230;1858
231;1847
232;1858
233;1891
234;1847
235;1858
236;1869
237;1869
238;1869
239;1880
240;1880
241;1836
242;1836
243;1836
244;1858
245;1847
246;1836
247;1869
248;1869
249;1869
250;1891
251;1869
252;1858
253;1847
254;1847
255;1847
256;1858
257;1891
258;1869
259;1880
260;1869
261;1847
262;1858
263;1902
264;1869
265;1924
266;1891
267;1891
268;1869
269;1891
270;1869
271;1869
272;1869
273;1880
274;1913
275;1935
276;1913
277;1913
278;1880
279;1880
280;1880
281;1891
282;1891
283;1891
284;1880
285;1891
286;1891
287;1913
288;1880
289;1880
290;1891
291;1880
292;1902
293;1902
294;1913
295;1880
296;1913
297;1891
298;1891
299;1913
300;1902
301;1913
302;1891
303;1880
304;1891
305;1891
306;1902
307;1913
308;1902
309;1902
310;1902
311;1891
312;1891
313;1891
314;1902
315;1902
316;1902
317;1913
318;1891
319;1891
320;1891
321;1902
322;1902
323;1924
324;1924
325;1891
326;1891
327;1891
328;1891
329;1902
330;1902
331;1891
332;1891
333;1902
334;1902
335;1902
336;1880
337;1913
338;1891
339;1891
340;1891
341;1891
342;1913
343;1902
344;1902
345;1913
346;1924
347;1913
348;1902
349;1902
350;1913
351;1913
352;1913
353;1913
354;1913
355;1924
356;1924
357;1902
358;1935
359;1924
360;1913
361;1913
362;1957
363;1935
364;1913
365;1913
366;1924
367;1935
368;1935
369;1935
370;1924
371;1924
372;1913
373;1924
374;1913
375;1924
376;1913
377;1924
378;1946
379;1924
380;1935
381;1935
382;1935
383;1924
384;1913
385;1924
386;1913
387;1924
388;1913
389;1924
390;1935
391;1957
392;1924
393;1946
394;1924
395;1913
396;1935
397;1924
398;1924
399;1924
400;1957
401;1935
402;1924
403;1924
404;1935
405;1924
406;1946
407;1935
408;1935
409;1935
410;1935
411;1946
412;1935
413;1946
414;1946
415;1946
416;1957
417;1957
418;1935
419;1935
420;1935
421;1935
422;1957
423;1957
424;1968
425;1968
426;1968
427;1957
428;1946
429;1946
430;1935
431;1935
432;1968
433;1957
434;1946
435;1979
436;1979
437;1946
438;1957
439;1957
440;1946
441;1957
442;1968
443;1957
444;1990
445;1990
446;1957
447;1957
448;1957
449;1979
450;1968
451;1968
452;1957
453;1979
454;1979
455;1990
456;1979
457;1979
458;1968
459;1979
460;1968
461;1968
462;1968
463;1957
464;1979
465;1990
466;1990
467;1968
468;1968
469;1968
470;1990
471;2001
472;2001
473;1990
474;1979
475;1990
476;1957
477;1979
478;1990
479;1979
480;1990
481;1968
482;1968
483;1979
484;2001
485;2001
486;1968
487;1968
488;1968
489;1979
490;1979
491;1979
492;1968
493;1990
494;1979
495;1990
496;1979
497;1979
498;1979
499;1979
500;1979
501;1979
502;1979
503;2001
504;1979
505;1990
506;1990
507;1990
508;1990
509;1979
510;1990
511;1990
512;2001
513;1990
514;1979
515;1979
516;1990
517;2001
518;1979
519;2001
520;2001
521;1979
522;1979
523;1979
524;1979
525;1990
526;2012
527;1990
528;1990
529;1968
530;1968
531;1968
532;1990
533;2001
534;1979
535;1979
536;1968
537;1979
538;1979
539;1979
540;1968
541;1968
542;1968
543;1968
544;1968
545;1979
546;1979
547;1979
548;2001
549;1979
550;1990
551;1990
552;1968
553;1968
554;1979
555;1979
556;1968
557;1968
558;1979
559;2001
560;1990
561;1979
562;1979
563;1979
564;1979
565;1979
566;1979
567;1990
568;1990
569;1990
570;1990
571;1990
572;1990
573;1990
574;1979
575;2001
576;1990
577;1990
578;2001
579;1990
580;2001
581;2001
582;1990
583;1990
584;1990
585;2001
586;1990
587;1990
588;1990
589;2001
590;2001
591;2001
592;2001
593;2001
594;1990
595;1990
596;1979
597;1979
598;2001
599;2001
600;2001
601;2012
602;2012
603;2012
604;2012
605;2012
606;2012
607;2023
608;2023
609;2012
610;2001
611;2023
612;2023
613;2034
614;2023
615;2012
616;2012
617;2001
618;2001
619;2001
620;2023
621;2012
622;2001
623;2012
624;2012
625;2012
626;2023
627;2023
628;2023
629;2001
630;2012
631;2012
632;2012
633;2012
634;2001
635;2012
636;2012
637;2023
638;2001
639;2001
640;2012
641;2012
642;2012
643;2012
644;2012
645;2012
646;2034
647;2012
648;2034
649;2034
650;2034
651;2012
652;2012
653;2012
654;2012
655;2023
656;2012
657;2012
658;2012
659;2012
660;2023
661;2023
662;2023
663;2001
664;2023
665;2012
666;2023
667;2023
668;2023
669;2012
670;2012
671;2023
672;2023
673;2012
674;2012
675;2012
676;2023
677;2012
678;2012
679;2012
680;2034
681;2034
682;2001
683;2023
684;2023
685;2012
686;2012
687;2023
688;2023
689;2023
690;2023
691;2034
692;2034
693;2034
694;2034
695;2023
696;2034
697;2012
698;2012
699;2012
700;2012
701;2034
702;2034
703;2034
704;2034
705;2023
706;2023
707;2023
708;2023
709;2034
710;2023
711;2023
712;2023
713;2034
714;2023
715;2023
716;2023
717;2023
718;2034
719;2034
720;2023
721;2034
722;2067
723;2067
724;2034
725;2034
726;2034
727;2045
728;2034
729;2034
730;2045
731;2045
732;2045
733;2045
734;2045
735;2045
736;2045
737;2034
738;2045
739;2045
740;2045
741;2034
742;2056
743;2034
744;2034
745;2034
746;2034
747;2034
748;2045
749;2034
750;2045
751;2045
752;2056
753;2056
754;2045
755;2045
756;2045
757;2045
758;2045
759;2045
760;2045
761;2056
762;2056
763;2045
764;2045
765;2045
766;2056
767;2056
768;2045
769;2045
770;2045
771;2034
772;2023
773;2034
774;2034
775;2034
776;2034
777;2034
778;2045
779;2045
780;2045
781;2034
782;2045
783;2045
784;2034
785;2034
786;2045
787;2045
788;2056
789;2045
790;2045
791;2045
792;2045
793;2045
794;2056
795;2056
796;2045
797;2045
798;2045
799;2045
800;2056
801;2045
802;2045
803;2045
804;2045
805;2045
806;2056
807;2056
808;2045
809;2045
810;2045
811;2045
812;2045
813;2045
814;2056
815;2045
816;2045
817;2056
818;2045
819;2045
820;2067
821;2067
822;2067
823;2067
824;2067
825;2056
826;2045
827;2056
828;2056
829;2056
830;2056
831;2056
832;2056
833;2056
834;2045
835;2045
836;2056
837;2056
838;2056
839;2056
840;2056
841;2056
842;2056
843;2056
844;2056
845;2067
846;2056
847;2067
848;2067
849;2056
850;2056
851;2067
852;2067
853;2067
854;2067
855;2067
856;2067
857;2056
858;2056
859;2056
860;2067
861;2067
862;2067
863;2067
864;2067
865;2067
866;2067
867;2067
868;2067
869;2067
870;2067
871;2067
872;2067
873;2067
874;2067
875;2067
876;2067
877;2067
878;2067
879;2067
880;2067
881;2067
882;2067
883;2067
884;2067
885;2056
886;2056
887;2056
888;2067
889;2067
890;2056
891;2067
892;2067
893;2067
894;2067
895;2067
896;2067
897;2067
898;2067
899;2067
900;2067
901;2067
902;2067
903;2067
904;2067
905;2067
906;2067
907;2056
908;2056
909;2056
910;2067
911;2056
912;2067
913;2056
914;2056
915;2056
916;2056
917;2056
918;2056
919;2056
920;2056
921;2067
922;2056
923;2056
924;2056
925;2056
926;2067
927;2067
928;2067
929;2067
930;2067
931;2067
932;2067
933;2067
934;2067
935;2067
936;2067
937;2067
938;2056
939;2056
940;2067
941;2067
942;2067
943;2067
944;2067
945;2067
946;2067
947;2067
948;2056
949;2067
950;2056
951;2056
952;2056
953;2067
954;2056
955;2056
956;2056
957;2056
958;2067
959;2056
960;2067
961;2067
962;2056
963;2067
964;2067
965;2067
966;2067
967;2067
968;2067
969;2067
970;2067
971;2067
972;2067
973;2067
974;2067
975;2067
976;2056
977;2067
978;2067
979;2067
980;2067
981;2067
982;2067
983;2067
984;2067
985;2067
986;2067
987;2056
988;2056
989;2056
990;2056
991;2056
992;2056
993;2067
994;2067
995;2056
996;2056
997;2056
998;2067
999;2056
1000;2056
1001;2056
1002;2056
1003;2056
1004;2056
1005;2056
1006;2056
1007;2056
1008;2067
1009;2067
1010;2067
1011;2067
1012;2067
1013;2067
1014;2067
1015;2067
1016;2067
1017;2067
1018;2056
1019;2067
1020;2056
1021;2067
1022;2067
1023;2067
1024;2056
1025;2056
1026;2056
1027;2067
1028;2056
1029;2056
1030;2056
1031;2056
1032;2056
1033;2056
1034;2056
1035;2056
1036;2067
1037;2067
1038;2067
1039;2056
1040;2056
1041;2056
1042;2067
1043;2056
1044;2067
1045;2067
1046;2056
1047;2056
1048;2056
1049;2067
1050;2067
1051;2067
1052;2067
1053;2067
1054;2067
1055;2067
1056;2067
1057;2067
1058;2067
1059;2067
1060;2067
1061;2067
1062;2067
1063;2067
1064;2067
1065;2067
1066;2067
1067;2067
1068;2067
1069;2067
1070;2067
1071;2067
1072;2067
1073;2067
1074;2067
1075;2067
1076;2067
1077;2067
1078;2067
1079;2056
1080;2067
1081;2078
1082;2067
1083;2067
1084;2067
1085;2067
1086;2067
1087;2067
1088;2067
1089;2067
1090;2056
1091;2067
1092;2067
1093;2067
1094;2056
1095;2056
1096;2067
1097;2067
1098;2067
1099;2067
1100;2067
1101;2067
1102;2067
1103;2067
1104;2089
1105;2089
1106;2067
1107;2067
1108;2078
1109;2078
1110;2067
1111;2067
1112;2078
1113;2067
1114;2067
1115;2067
1116;2067
1117;2067
1118;2067
1119;2067
1120;2078
1121;2078
1122;2078
1123;2067
1124;2067
1125;2078
1126;2067
1127;2067
1128;2067
1129;2067
1130;2067
1131;2067
1132;2078
1133;2067
1134;2067
1135;2078
1136;2067
1137;2078
1138;2078
1139;2078
1140;2078
1141;2078
1142;2078
1143;2078
1144;2078
1145;2078
1146;2078
1147;2078
1148;2067
1149;2067
1150;2078
1151;2078
1152;2078
1153;2078
1154;2078
1155;2067
1156;2067
1157;2078
1158;2078
1159;2078
1160;2078
1161;2078
1162;2078
1163;2078
1164;2067
1165;2078
1166;2078
1167;2078
1168;2067
1169;2067
1170;2078
1171;2078
1172;2078
1173;2067
1174;2067
1175;2067
1176;2067
1177;2067
1178;2067
1179;2078
1180;2078
1181;2067
1182;2067
1183;2067
1184;2078
1185;2067
1186;2067
1187;2067
1188;2078
1189;2078
1190;2078
1191;2078
1192;2078
1193;2078
1194;2067
1195;2067
1196;2067
1197;2067
1198;2067
1199;2067
1200;2078
1201;2067
1202;2067
1203;2067
1204;2067
1205;2067
1206;2067
1207;2067
1208;2067
1209;2067
1210;2067
1211;2078
1212;2078
1213;2067
1214;2067
1215;2067
1216;2067
1217;2067
1218;2067
1219;2067
1220;2067
1221;2067
1222;2067
1223;2067
1224;2078
1225;2078
1226;2067
1227;2067
1228;2078
1229;2078
1230;2078
1231;2078
1232;2078
1233;2067
1234;2067
1235;2067
1236;2067
1237;2067
1238;2078
1239;2078
1240;2078
1241;2078
1242;2067
1243;2067
1244;2078
1245;2078
1246;2078
1247;2078
1248;2078
1249;2067
1250;2078
1251;2078
1252;2078
1253;2078
1254;2078
1255;2078
1256;2078
1257;2078
1258;2078
1259;2078
1260;2078
1261;2078
1262;2078
1263;2078
1264;2067
1265;2067
1266;2067
1267;2067
1268;2067
1269;2067
1270;2067
1271;2067
1272;2067
1273;2067
1274;2067
1275;2067
1276;2067
1277;2078
1278;2078
1279;2078
1280;2078
1281;2078
1282;2078
1283;2078
1284;2078
1285;2067
1286;2067
1287;2067
1288;2067
1289;2067
1290;2067
1291;2067
1292;2067
1293;2067
1294;2067
1295;2067
1296;2067
1297;2067
1298;2067
1299;2067
1300;2067
1301;2067
1302;2067
1303;2067
1304;2078
1305;2078
1306;2078
1307;2078
1308;2067
1309;2078
1310;2067
1311;2067
1312;2067
1313;2067
1314;2067
1315;2067
1316;2078
1317;2078
1318;2078
1319;2078
1320;2078
1321;2078
1322;2078
1323;2078
1324;2078
1325;2078
1326;2078
1327;2078
1328;2078
1329;2078
1330;2067
1331;2067
1332;2067
1333;2067
1334;2078
1335;2078
1336;2078
1337;2078
1338;2078
1339;2067
1340;2067
1341;2067
1342;2067
1343;2067
1344;2067
1345;2067
1346;2067
1347;2067
1348;2067
1349;2067
1350;2067
1351;2067
1352;2067
1353;2067
1354;2067
1355;2067
1356;2067
1357;2067
1358;2067
1359;2067
1360;2067
1361;2067
1362;2067
1363;2067
1364;2067
1365;2078
1366;2078
1367;2078
1368;2078
1369;2067
1370;2067
1371;2067
1372;2067
1373;2078
1374;2067
1375;2067
1376;2078
1377;2067
1378;2067
1379;2067
1380;2067
1381;2067
1382;2067
1383;2067
1384;2067
1385;2078
1386;2067
1387;2078
1388;2067
1389;2067
1390;2067
1391;2067
1392;2067
1393;2067
1394;2067
1395;2067
1396;2067
1397;2067
1398;2067
1399;2067
1400;2067
1401;2067
1402;2067
1403;2067
1404;2067
1405;2067
1406;2067
1407;2067
1408;2067
1409;2067
1410;2067
1411;2067
1412;2067
1413;2067
1414;2067
1415;2067
1416;2067
1417;2067
1418;2067
1419;2067
1420;2067
1421;2067
1422;2067
1423;2067
1424;2067
1425;2067
1426;2067
1427;2067
1428;2067
1429;2067
1430;2067
1431;2078
1432;2078
1433;2078
1434;2067
1435;2067
1436;2067
1437;2067
1438;2067
1439;2067
1440;2067
1441;2067
1442;2067
1443;2067
1444;2067
1445;2067
1446;2067
1447;2067
1448;2067
1449;2067
1450;2067
1451;2067
1452;2067
1453;2078
1454;2067
1455;2067
1456;2067
1457;2067
1458;2067
1459;2067
1460;2067
1461;2067
1462;2067
1463;2067
1464;2067
1465;2067
1466;2067
1467;2067
1468;2078
1469;2067
1470;2067
1471;2067
1472;2067
1473;2067
1474;2067
1475;2067
1476;2067
1477;2067
1478;2067
1479;2067
1480;2067
1481;2067
1482;2067
1483;2067
1484;2067
1485;2067
1486;2067
1487;2067
1488;2067
1489;2067
1490;2067
1491;2067
1492;2067
1493;2067
1494;2067
1495;2067
1496;2067
1497;2067
1498;2067
1499;2067
1500;2067
1501;2067
1502;2067
1503;2067
1504;2067
1505;2067
1506;2067
1507;2067
1508;2067
1509;2067
1510;2067
1511;2067
1512;2067
1513;2067
1514;2067
1515;2067
1516;2067
1517;2067
1518;2067
1519;2067
1520;2067
1521;2067
1522;2067
1523;2067
1524;2067
1525;2067
1526;2067
1527;2067
1528;2067
1529;2067
1530;2067
1531;2067
1532;2067
1533;2067
1534;2067
1535;2067
1536;2067
1537;2067
1538;2067
1539;2067
1540;2067
1541;2067
1542;2067
1543;2078
1544;2078
1545;2078
1546;2067
1547;2067
1548;2078
1549;2078
1550;2078
1551;2078
1552;2078
1553;2078
1554;2078
1555;2067
1556;2067
1557;2067
1558;2067
1559;2067
1560;2067
1561;2067
1562;2067
1563;2067
1564;2067
1565;2067
1566;2067
1567;2067
1568;2067
1569;2067
1570;2067
1571;2067
1572;2067
1573;2067
1574;2067
1575;2067
1576;2067
1577;2067
1578;2067
1579;2067
1580;2067
1581;2067
1582;2067
1583;2067
1584;2067
1585;2067
1586;2067
1587;2067
1588;2067
1589;2067
1590;2067
1591;2067
1592;2067
1593;2067
1594;2067
1595;2067
1596;2067
1597;2067
1598;2067
1599;2067
1600;2067
1601;2067
1602;2067
1603;2067
1604;2067
1605;2067
1606;2067
1607;2067
1608;2067
1609;2067
1610;2067
1611;2067
1612;2067
1613;2078
1614;2067
1615;2067
1616;2067
1617;2067
1618;2067
1619;2067
1620;2067
1621;2067
1622;2067
1623;2067
1624;2067
1625;2067
1626;2067
1627;2067
1628;2067
1629;2067
1630;2067
1631;2067
1632;2067
1633;2067
1634;2067
1635;2067
1636;2067
1637;2067
1638;2078
1639;2078
1640;2078
1641;2078
1642;2078
1643;2067
1644;2067
1645;2067
1646;2067
1647;2067
1648;2067
1649;2067
1650;2067
1651;2067
1652;2067
1653;2078
1654;2078
1655;2078
1656;2067
1657;2067
1658;2067
1659;2067
1660;2067
1661;2067
1662;2078
1663;2067
1664;2067
1665;2067
1666;2067
1667;2067
1668;2067
1669;2067
1670;2078
1671;2067
1672;2067
1673;2067
1674;2067
1675;2067
1676;2067
1677;2067
1678;2067
1679;2067
1680;2067
1681;2067
1682;2067
1683;2067
1684;2067
1685;2067
1686;2067
1687;2067
1688;2067
1689;2067
1690;2067
1691;2067
1692;2067
1693;2067
1694;2067
1695;2078
1696;2067
1697;2067
1698;2067
1699;2067
1700;2067
1701;2067
1702;2067
1703;2078
1704;2067
1705;2067
1706;2067
1707;2067
1708;2067
1709;2067
1710;2067
1711;2067
1712;2067
1713;2067
1714;2067
1715;2067
1716;2067
1717;2067
1718;2067
1719;2067
1720;2067
1721;2067
1722;2067
1723;2067
1724;2067
1725;2067
1726;2067
1727;2067
1728;2067
1729;2067
1730;2078
1731;2078
1732;2078
1733;2078
1734;2067
1735;2067
1736;2067
1737;2067
1738;2067
1739;2067
1740;2078
1741;2078
1742;2067
1743;2067
1744;2067
1745;2067
1746;2078
1747;2078
1748;2067
1749;2067
1750;2067
1751;2067
1752;2067
1753;2067
1754;2067
1755;2067
1756;2067
1757;2067
1758;2067
1759;2067
1760;2078
1761;2067
1762;2067
1763;2067
1764;2067
1765;2067
1766;2067
1767;2067
1768;2067
1769;2067
1770;2067
1771;2067
1772;2067
1773;2067
1774;2067
1775;2078
1776;2067
1777;2067
1778;2078
1779;2067
1780;2067
1781;2067
1782;2078
1783;2078
1784;2067
1785;2067
1786;2067
1787;2078
1788;2078
1789;2078
1790;2078
1791;2078
1792;2078
1793;2078
1794;2067
1795;2067
1796;2067
1797;2067
1798;2078
1799;2067
1800;2067
1801;2067
1802;2067
1803;2067
1804;2067
1805;2067
1806;2067
1807;2067
1808;2067
1809;2067
1810;2067
1811;2067
1812;2067
1813;2067
1814;2067
1815;2067
1816;2067
1817;2067
1818;2067
1819;2067
1820;2067
1821;2067
1822;2067
1823;2067
1824;2067
1825;2067
1826;2067
1827;2067
1828;2067
1829;2067
1830;2067
1831;2067
1832;2067
1833;2067
1834;2067
1835;2067
1836;2067
1837;2067
1838;2067
1839;2067
1840;2067
1841;2067
1842;2056
1843;2067
1844;2067
1845;2067
1846;2056
1847;2056
1848;2056
1849;2056
1850;2056
1851;2067
1852;2067
1853;2056
1854;2056
1855;2056
1856;2067
1857;2067
1858;2067
1859;2067
1860;2067
1861;2056
1862;2056
1863;2056
1864;2056
1865;2056
1866;2056
1867;2056
1868;2056
1869;2056
1870;2056
1871;2056
1872;2056
1873;2056
1874;2056
1875;2056
1876;2056
1877;2067
1878;2056
1879;2056
1880;2056
1881;2056
1882;2056
1883;2056
1884;2056
1885;2056
1886;2056
1887;2056
1888;2056
1889;2067
1890;2067
1891;2067
1892;2067
1893;2067
1894;2056
1895;2056
1896;2067
1897;2067
1898;2067
1899;2067
1900;2067
1901;2067
1902;2067
1903;2067
1904;2067
1905;2056
1906;2056
1907;2056
1908;2056
1909;2056
1910;2056
1911;2056
1912;2056
1913;2067
1914;2067
1915;2056
1916;2056
1917;2056
1918;2056
1919;2056
1920;2056
1921;2056
1922;2056
1923;2056
1924;2056
1925;2056
1926;2056
1927;2056
1928;2056
1929;2067
1930;2067
1931;2056
1932;2056
1933;2056
1934;2056
1935;2056
1936;2056
1937;2056
1938;2056
1939;2056
1940;2056
1941;2056
1942;2056
1943;2056
1944;2056
1945;2067
1946;2067
1947;2067
1948;2067
1949;2067
1950;2067
1951;2067
1952;2067
1953;2067
1954;2067
1955;2067
1956;2067
1957;2067
1958;2067
1959;2067
1960;2067
1961;2067
1962;2067
1963;2067
1964;2067
1965;2067
1966;2067
1967;2067
1968;2067
1969;2067
1970;2067
1971;2067
1972;2078
1973;2078
1974;2067
1975;2067
1976;2067
1977;2067
1978;2067
1979;2067
1980;2067
1981;2067
1982;2067
1983;2067
1984;2067
1985;2078
1986;2067
1987;2067
1988;2067
1989;2067
1990;2067
1991;2067
1992;2067
1993;2078
1994;2078
1995;2078
1996;2078
1997;2078
1998;2067
1999;2067
2000;2067
2001;2067
2002;2067
2003;2078
2004;2078
2005;2078
2006;2078
2007;2067
2008;2067
2009;2067
2010;2067
2011;2078
2012;2067
2013;2067
2014;2078
2015;2078
2016;2078
2017;2078
2018;2067
2019;2067
2020;2067
2021;2067
2022;2067
2023;2067
2024;2067
2025;2067
2026;2067
2027;2067
2028;2067
2029;2067
2030;2078
2031;2078
2032;2078
2033;2078
2034;2067
2035;2067
2036;2078
2037;2078
2038;2078
2039;2078
2040;2078
2041;2078
2042;2078
2043;2078
2044;2078
2045;2078
2046;2078
2047;2089
2048;2078
2049;2078
2050;2078
2051;2067
2052;2067
2053;2067
2054;2078
2055;2067
2056;2067
2057;2067
2058;2078
2059;2067
2060;2078
2061;2078
2062;2078
2063;2078
2064;2078
2065;2067
2066;2078
2067;2067
2068;2067
2069;2067
2070;2067
2071;2067
2072;2067
2073;2067
2074;2067
2075;2067
2076;2067
2077;2067
2078;2067
2079;2089
2080;2067
2081;2067
2082;2067
2083;2067
2084;2067
2085;2067
2086;2067
2087;2067
2088;2067
2089;2067
2090;2067
2091;2067
2092;2089
2093;2089
2094;2089
2095;2078
2096;2078
2097;2067
2098;2078
2099;2078
2100;2078
2101;2078
2102;2078
2103;2078
2104;2078
2105;2078
2106;2089
2107;2089
2108;2089
2109;2089
2110;2078
2111;2089
2112;2089
2113;2089
2114;2089
2115;2078
2116;2089
2117;2089
2118;2089
2119;2089
2120;2089
2121;2067
2122;2067
2123;2067
2124;2078
2125;2067
2126;2067
2127;2078
2128;2067
2129;2067
2130;2067
2131;2067
2132;2078
2133;2078
2134;2067
2135;2067
2136;2067
2137;2067
2138;2089
2139;2089
2140;2089
2141;2067
2142;2067
2143;2067
2144;2067
2145;2067
2146;2067
2147;2067
2148;2067
2149;2067
2150;2067
2151;2067
2152;2067
2153;2067
2154;2067
2155;2067
2156;2067
2157;2067
2158;2067
2159;2067
2160;2067
2161;2067
2162;2067
2163;2067
2164;2067
2165;2067
2166;2067
2167;2067
2168;2067
2169;2067
2170;2067
2171;2067
2172;2067
2173;2067
2174;2067
2175;2067
2176;2067
2177;2067
2178;2067
2179;2067
2180;2067
2181;2067
2182;2067
2183;2067
2184;2067
2185;2067
2186;2067
2187;2067
2188;2067
2189;2067
2190;2067
2191;2067
2192;2067
2193;2067
2194;2067
2195;2067
2196;2067
2197;2067
2198;2067
2199;2067
2200;2067
2201;2067
2202;2067
2203;2056
2204;2056
2205;2056
2206;2056
2207;2067
2208;2056
2209;2056
2210;2056
2211;2056
2212;2067
2213;2067
2214;2067
2215;2067
2216;2067
2217;2067
2218;2056
2219;2067
2220;2067
2221;2056
2222;2056
2223;2056
2224;2056
2225;2056
2226;2056
2227;2056
2228;2067
2229;2067
2230;2067
2231;2067
2232;2067
2233;2067
2234;2067
2235;2067
2236;2067
2237;2067
2238;2067
2239;2067
2240;2067
2241;2067
2242;2067
2243;2067
2244;2067
2245;2056
2246;2056
2247;2056
2248;2056
2249;2056
2250;2067
2251;2067
2252;2056
2253;2067
2254;2067
2255;2056
2256;2056
2257;2056
2258;2056
2259;2056
2260;2056
2261;2056
2262;2056
2263;2067
2264;2067
2265;2067
2266;2067
2267;2067
2268;2067
2269;2056
2270;2067
2271;2067
2272;2067
2273;2067
2274;2067
2275;2067
2276;2067
2277;2056
2278;2067
2279;2067
2280;2067
2281;2056
2282;2056
2283;2067
2284;2067
2285;2067
2286;2067
2287;2067
2288;2067
2289;2067
2290;2067
2291;2067
2292;2067
2293;2067
2294;2067
2295;2067
2296;2067
2297;2067
2298;2067
2299;2067
2300;2067
2301;2067
2302;2067
2303;2067
2304;2067
2305;2067
2306;2067
2307;2067
2308;2067
2309;2067
2310;2067
2311;2067
2312;2067
2313;2067
2314;2067
2315;2067
2316;2067
2317;2067
2318;2067
2319;2067
2320;2067
2321;2067
2322;2067
2323;2067
2324;2067
2325;2067
2326;2067
2327;2067
2328;2078
2329;2067
2330;2067
2331;2067
2332;2067
2333;2067
2334;2067
2335;2067
2336;2067
2337;2067
2338;2067
2339;2067
2340;2067
2341;2067
2342;2067
2343;2067
2344;2067
2345;2067
2346;2067
2347;2067
2348;2067
2349;2067
2350;2067
2351;2078
2352;2067
2353;2067
2354;2067
2355;2078
2356;2067
2357;2067
2358;2067
2359;2067
2360;2067
2361;2078
2362;2067
2363;2067
2364;2067
2365;2067
2366;2067
2367;2067
2368;2067
2369;2067
2370;2067
2371;2067
2372;2067
2373;2067
2374;2067
2375;2067
2376;2067
2377;2067
2378;2067
2379;2067
2380;2067
2381;2067
2382;2067
2383;2067
2384;2067
2385;2067
2386;2067
2387;2067
2388;2067
2389;2067
2390;2067
2391;2067
2392;2067
2393;2067
2394;2067
2395;2067
2396;2067
2397;2067
2398;2067
2399;2067
2400;2067
2401;2067
2402;2067
2403;2067
2404;2067
2405;2067
2406;2067
2407;2067
2408;2067
2409;2067
2410;2067
2411;2067
2412;2067
2413;2078
2414;2078
2415;2078
2416;2078
2417;2078
2418;2078
2419;2078
2420;2067
2421;2078
2422;2078
2423;2067
2424;2067
2425;2078
2426;2067
2427;2078
2428;2078
2429;2078
2430;2078
2431;2078
2432;2078
2433;2078
2434;2078
2435;2078
2436;2078
2437;2078
2438;2078
2439;2078
2440;2078
2441;2078
2442;2078
2443;2078
2444;2078
2445;2078
2446;2078
2447;2078
2448;2078
2449;2078
2450;2078
2451;2078
2452;2078
2453;2078
2454;2078
2455;2078
2456;2078
2457;2067
2458;2067
2459;2067
2460;2067
2461;2078
2462;2067
2463;2078
2464;2078
2465;2078
2466;2078
2467;2078
2468;2067
2469;2067
2470;2078
2471;2078
2472;2078
2473;2078
2474;2078
2475;2078
2476;2078
2477;2078
2478;2067
2479;2067
2480;2067
2481;2067
2482;2067
2483;2078
2484;2067
2485;2078
2486;2078
2487;2078
2488;2078
2489;2067
2490;2078
2491;2078
2492;2078
2493;2078
2494;2078
2495;2078
2496;2078
2497;2078
2498;2078
2499;2078
2500;2078
2501;2078
2502;2078
2503;2078
2504;2078
2505;2078
2506;2078
2507;2078
2508;2078
2509;2078
2510;2078
2511;2078
2512;2078
2513;2078
2514;2078
2515;2078
2516;2078
2517;2078
2518;2078
2519;2078
2520;2078
2521;2078
2522;2078
2523;2078
2524;2078
2525;2078
2526;2078
2527;2078
2528;2078
2529;2078
2530;2078
2531;2078
2532;2078
2533;2078
2534;2078
2535;2078
2536;2078
2537;2078
2538;2078
2539;2078
2540;2078
2541;2078
2542;2078
2543;2078
2544;2078
2545;2078
2546;2078
2547;2078
2548;2078
2549;2078
2550;2078
2551;2078
2552;2078
2553;2067
2554;2067
2555;2078
2556;2067
2557;2078
2558;2078
2559;2078
2560;2078
2561;2078
2562;2078
2563;2078
2564;2078
2565;2078
2566;2078
2567;2078
2568;2078
2569;2067
2570;2056
2571;2056
2572;2056
2573;2067
2574;2067
2575;2056
2576;2056
2577;2056
2578;2056
2579;2056
2580;2056
2581;2056
2582;2056
2583;2067
2584;2067
2585;2056
2586;2056
2587;2056
2588;2056
2589;2056
2590;2067
2591;2056
2592;2056
2593;2067
2594;2067
2595;2056
2596;2056
2597;2056
2598;2056
2599;2067
2600;2056
2601;2067
2602;2067
2603;2056
2604;2056
2605;2056
2606;2056
2607;2056
2608;2056
2609;2056
2610;2056
2611;2056
2612;2067
2613;2067
2614;2067
2615;2067
2616;2067
2617;2067
2618;2067
2619;2067
2620;2067
2621;2067
2622;2067
2623;2067
2624;2056
2625;2067
2626;2067
2627;2067
2628;2067
2629;2067
2630;2067
2631;2067
2632;2067
2633;2056
2634;2056
2635;2056
2636;2056
2637;2056
2638;2056
2639;2056
2640;2056
2641;2056
2642;2056
2643;2067
2644;2067
2645;2067
2646;2067
2647;2067
2648;2067
2649;2056
2650;2067
2651;2056
2652;2067
2653;2067
2654;2056
2655;2056
2656;2056
2657;2067
2658;2067
2659;2067
2660;2078
2661;2078
2662;2078
2663;2078
2664;2067
2665;2056
2666;2056
2667;2056
2668;2056
2669;2056
2670;2056
2671;2067
2672;2056
2673;2056
2674;2056
2675;2056
2676;2056
2677;2056
2678;2056
2679;2056
2680;2056
2681;2056
2682;2056
2683;2056
2684;2056
2685;2056
2686;2056
2687;2056
2688;2056
2689;2056
2690;2056
2691;2056
2692;2056
2693;2056
2694;2056
2695;2067
2696;2056
2697;2056
2698;2056
2699;2056
2700;2056
2701;2056
2702;2056
2703;2067
2704;2067
2705;2067
2706;2067
2707;2067
2708;2067
2709;2067
2710;2067
2711;2067
2712;2067
2713;2067
2714;2067
2715;2056
2716;2056
2717;2067
2718;2056
2719;2056
2720;2056
2721;2056
2722;2056
2723;2056
2724;2056
2725;2056
2726;2056
2727;2056
2728;2056
2729;2056
2730;2056
2731;2056
2732;2056
2733;2056
2734;2056
2735;2056
2736;2056
2737;2056
2738;2056
2739;2056
2740;2078
2741;2067
2742;2056
2743;2056
2744;2056
2745;2067
2746;2067
2747;2067
2748;2056
2749;2067
2750;2056
2751;2056
2752;2056
2753;2056
2754;2056
2755;2067
2756;2067
2757;2067
2758;2067
2759;2067
2760;2067
2761;2067
2762;2067
2763;2067
2764;2067
2765;2067
2766;2067
2767;2067
2768;2067
2769;2067
2770;2067
2771;2067
2772;2067
2773;2067
2774;2067
2775;2067
2776;2067
2777;2067
2778;2067
2779;2067
2780;2067
2781;2067
2782;2067
2783;2067
2784;2067
2785;2067
2786;2067
2787;2067
2788;2067
2789;2067
2790;2067
2791;2067
2792;2067
2793;2067
2794;2067
2795;2067
2796;2067
2797;2067
2798;2067
2799;2067
2800;2067
2801;2067
2802;2067
2803;2067
2804;2067
2805;2067
2806;2067
2807;2067
2808;2067
2809;2067
2810;2067
2811;2067
2812;2067
2813;2067
2814;2067
2815;2067
2816;2067
2817;2067
2818;2067
2819;2067
2820;2067
2821;2067
2822;2067
2823;2067
2824;2067
2825;2067
2826;2067
2827;2067
2828;2067
2829;2067
2830;2067
2831;2067
2832;2067
2833;2067
2834;2067
2835;2067
2836;2067
2837;2067
2838;2067
2839;2067
2840;2067
2841;2067
2842;2067
2843;2067
2844;2067
2845;2067
2846;2067
2847;2067
2848;2067
2849;2067
2850;2067
2851;2067
2852;2067
2853;2067
2854;2067
2855;2067
2856;2067
2857;2067
2858;2067
2859;2067
2860;2067
2861;2067
2862;2067
2863;2067
2864;2067
2865;2067
2866;2067
2867;2067
2868;2056
2869;2056
2870;2067
2871;2067
2872;2067
2873;2067
2874;2067
2875;2067
2876;2067
2877;2067
2878;2067
2879;2067
2880;2067
2881;2067
2882;2067
2883;2067
2884;2067
2885;2067
2886;2067
2887;2067
2888;2067
2889;2067
2890;2067
2891;2067
2892;2067
2893;2067
2894;2067
2895;2067
2896;2067
2897;2067
2898;2067
2899;2067
2900;2067
2901;2067
2902;2067
2903;2067
2904;2067
2905;2067
2906;2067
2907;2089
2908;2089
2909;2089
2910;2067
2911;2067
2912;2067
2913;2067
2914;2067
2915;2067
2916;2067
2917;2067
2918;2067
2919;2067
2920;2067
2921;2067
2922;2067
2923;2067
2924;2067
2925;2067
2926;2067
2927;2067
2928;2067
2929;2067
2930;2067
2931;2067
2932;2067
2933;2067
2934;2067
2935;2067
2936;2067
2937;2067
2938;2078
2939;2078
2940;2067
2941;2078
2942;2067
2943;2067
2944;2067
2945;2067
2946;2067
2947;2067
2948;2067
2949;2067
2950;2067
2951;2067
2952;2067
2953;2078
2954;2067
2955;2067
2956;2067
2957;2067
2958;2067
2959;2067
2960;2067
2961;2078
2962;2078
2963;2078
2964;2078
2965;2078
2966;2078
2967;2067
2968;2067
2969;2067
2970;2067
2971;2067
2972;2067
2973;2067
2974;2067
2975;2067
2976;2067
2977;2067
2978;2067
2979;2067
2980;2067
2981;2067
2982;2067
2983;2067
2984;2067
2985;2067
2986;2067
2987;2067
2988;2067
2989;2067
2990;2067
2991;2067
2992;2067
2993;2067
2994;2078
2995;2067
2996;2078
2997;2078
2998;2078
2999;2078
3000;2067
3001;2067
3002;2067
3003;2067
3004;2067
3005;2078
3006;2078
3007;2078
3008;2078
3009;2067
3010;2067
3011;2067
3012;2067
3013;2067
3014;2067
3015;2067
3016;2078
3017;2078
3018;2078
3019;2078
3020;2078
3021;2078
3022;2078
3023;2078
3024;2078
3025;2078
3026;2078
3027;2078
3028;2078
3029;2078
3030;2078
3031;2078
3032;2078
3033;2067
3034;2078
3035;2078
3036;2078
3037;2078
3038;2078
3039;2078
3040;2078
3041;2078
3042;2078
3043;2078
3044;2078
3045;2078
3046;2078
3047;2078
3048;2067
3049;2078
3050;2078
3051;2078
3052;2078
3053;2078
3054;2078
3055;2078
3056;2078
3057;2067
3058;2078
3059;2078
3060;2078
3061;2078
3062;2078
3063;2078
3064;2078
3065;2078
3066;2078
3067;2078
3068;2078
3069;2078
3070;2078
3071;2078
3072;2078
3073;2078
3074;2078
3075;2067
3076;2067
3077;2078
3078;2078
3079;2078
3080;2067
3081;2067
3082;2078
3083;2067
3084;2067
3085;2067
3086;2078
3087;2078
3088;2078
3089;2078
3090;2078
3091;2078
3092;2078
3093;2078
3094;2078
3095;2078
3096;2078
3097;2078
3098;2078
3099;2078
3100;2078
3101;2078
3102;2078
3103;2078
3104;2078
3105;2078
3106;2078
3107;2078
3108;2078
3109;2078
3110;2078
3111;2078
3112;2078
3113;2078
3114;2078
3115;2078
3116;2078
3117;2078
3118;2078
3119;2078
3120;2078
3121;2078
3122;2078
3123;2078
3124;2078
3125;2078
3126;2078
3127;2078
3128;2078
3129;2078
3130;2078
3131;2078
3132;2078
3133;2078
3134;2078
3135;2078
3136;2078
3137;2078
3138;2078
3139;2078
3140;2078
3141;2078
3142;2078
3143;2078
3144;2078
3145;2078
3146;2078
3147;2078
3148;2078
3149;2078
3150;2078
3151;2078
3152;2078
3153;2078
3154;2078
3155;2078
3156;2078
3157;2078
3158;2078
3159;2078
3160;2078
3161;2078
3162;2078
3163;2078
3164;2078
3165;2078
3166;2078
3167;2078
3168;2078
3169;2078
3170;2078
3171;2078
3172;2078
3173;2078
3174;2078
3175;2078
3176;2078
3177;2078
3178;2078
3179;2078
3180;2078
3181;2078
3182;2078
3183;2078
3184;2078
3185;2078
3186;2089
3187;2078
3188;2078
3189;2078
3190;2078
3191;2078
3192;2078
3193;2078
3194;2078
3195;2078
3196;2078
3197;2078
3198;2078
3199;2078
3200;2078
3201;2089
3202;2078
3203;2078
3204;2078
3205;2078
3206;2078
3207;2078
3208;2078
3209;2078
3210;2078
3211;2078
3212;2078
3213;2078
3214;2078
3215;2078
3216;2078
3217;2078
3218;2078
3219;2078
3220;2078
3221;2078
3222;2078
3223;2078
3224;2078
3225;2078
3226;2078
3227;2078
3228;2078
3229;2078
3230;2078
3231;2078
3232;2078
3233;2078
3234;2078
3235;2078
3236;2078
3237;2078
3238;2078
3239;2078
3240;2078
3241;2078
3242;2078
3243;2078
3244;2078
3245;2089
3246;2089
3247;2089
3248;2089
3249;2089
3250;2089
3251;2089
3252;2089
3253;2089
3254;2089
3255;2089
3256;2089
3257;2078
3258;2078
3259;2078
3260;2089
3261;2089
3262;2078
3263;2078
3264;2078
3265;2078
3266;2078
3267;2078
3268;2078
3269;2078
3270;2078
3271;2078
3272;2078
3273;2078
3274;2078
3275;2078
3276;2078
3277;2078
3278;2078
3279;2078
3280;2078
3281;2078
3282;2078
3283;2078
3284;2078
3285;2078
3286;2078
3287;2078
3288;2078
3289;2078
3290;2078
3291;2078
3292;2078
3293;2078
3294;2078
3295;2078
3296;2078
3297;2078
3298;2078
3299;2078
3300;2078
3301;2078
3302;2089
3303;2089
3304;2089
3305;2078
3306;2078
3307;2078
3308;2078
3309;2078
3310;2078
3311;2078
3312;2078
3313;2078
3314;2078
3315;2078
3316;2078
3317;2078
3318;2078
3319;2089
3320;2089
3321;2089
3322;2078
3323;2078
3324;2078
3325;2078
3326;2078
3327;2078
3328;2078
3329;2078
3330;2078
3331;2078
3332;2078
3333;2078
3334;2089
3335;2078
3336;2078
3337;2078
3338;2089
3339;2078
3340;2078
3341;2078
3342;2078
3343;2078
3344;2078
3345;2078
3346;2089
3347;2089
3348;2089
3349;2089
3350;2089
3351;2089
3352;2089
3353;2089
3354;2089
3355;2089
3356;2089
3357;2089
3358;2089
3359;2089
3360;2089
3361;2078
3362;2078
3363;2078
3364;2078
3365;2078
3366;2089
3367;2078
3368;2078
3369;2078
3370;2078
3371;2078
3372;2078
3373;2078
3374;2078
3375;2078
3376;2078
3377;2078
3378;2078
3379;2078
3380;2078
3381;2078
3382;2078
3383;2078
3384;2078
3385;2078
3386;2078
3387;2078
3388;2078
3389;2078
3390;2078
3391;2078
3392;2078
3393;2078
3394;2078
3395;2078
3396;2078
3397;2078
3398;2078
3399;2078
3400;2078
3401;2078
3402;2078
3403;2078
3404;2078
3405;2078
3406;2078
3407;2089
3408;2089
3409;2078
3410;2078
3411;2078
3412;2078
3413;2078
3414;2078
3415;2078
3416;2078
3417;2078
3418;2078
3419;2089
3420;2089
3421;2100
3422;2089
3423;2089
3424;2089
3425;2089
3426;2078
3427;2078
3428;2078
3429;2078
3430;2078
3431;2078
3432;2078
3433;2078
3434;2078
3435;2078
3436;2078
3437;2089
3438;2078
3439;2078
3440;2078
3441;2078
3442;2089
3443;2089
3444;2089
3445;2089
3446;2089
3447;2089
3448;2089
3449;2089
3450;2089
3451;2089
3452;2089
3453;2089
3454;2089
3455;2089
3456;2089
3457;2089
3458;2089
3459;2089
3460;2089
3461;2089
3462;2089
3463;2089
3464;2089
3465;2089
3466;2089
3467;2089
3468;2089
3469;2089
3470;2089
3471;2089
3472;2089
3473;2089
3474;2089
3475;2089
3476;2089
3477;2089
3478;2089
3479;2089
3480;2089
3481;2089
3482;2089
3483;2089
3484;2089
3485;2089
3486;2089
3487;2089
3488;2089
3489;2089
3490;2089
3491;2089
3492;2089
3493;2089
3494;2089
3495;2089
3496;2089
3497;2089
3498;2089
3499;2089
3500;2089
3501;2089
3502;2089
3503;2089
3504;2089
3505;2089
3506;2089
3507;2100
3508;2100
3509;2100
3510;2089
3511;2089
3512;2089
3513;2089
3514;2089
3515;2089
3516;2089
3517;2089
3518;2089
3519;2089
3520;2089
3521;2089
3522;2089
3523;2089
3524;2089
3525;2089
3526;2089
3527;2089
3528;2089
3529;2089
3530;2089
3531;2089
3532;2089
3533;2089
3534;2089
3535;2089
3536;2089
3537;2089
3538;2089
3539;2089
3540;2089
3541;2089
3542;2089
3543;2089
3544;2089
3545;2089
3546;2089
3547;2089
3548;2089
3549;2089
3550;2089
3551;2089
3552;2089
3553;2089
3554;2089
3555;2089
3556;2089
3557;2089
3558;2089
3559;2089
3560;2089
3561;2100
3562;2100
3563;2100
3564;2100
3565;2100
3566;2100
3567;2100
3568;2100
3569;2100
3570;2100
3571;2100
3572;2089
3573;2089
3574;2089
3575;2089
3576;2089
3577;2089
3578;2089
3579;2089
3580;2089
3581;2089
3582;2089
3583;2100
3584;2089
3585;2100
3586;2100
3587;2089
3588;2089
3589;2089
3590;2089
3591;2089
3592;2089
3593;2089
3594;2089
3595;2089
3596;2089
3597;2089
3598;2089
3599;2089
3600;2089
3601;2089
3602;2089
3603;2089
3604;2089
3605;2089
3606;2089
3607;2089
3608;2089
3609;2100
3610;2100
3611;2100
3612;2100
3613;2100
3614;2100
3615;2100
3616;2100
3617;2100
3618;2100
3619;2100
3620;2100
3621;2100
3622;2089
3623;2089
3624;2089
3625;2089
3626;2089
3627;2100
3628;2100
3629;2089
3630;2089
3631;2089
3632;2089
3633;2089
3634;2089
3635;2100
3636;2089
3637;2089
3638;2089
3639;2089
3640;2089
3641;2089
3642;2089
3643;2089
3644;2089
3645;2100
3646;2089
3647;2089
3648;2089
3649;2089
3650;2089
3651;2089
3652;2089
3653;2089
3654;2089
3655;2089
3656;2089
3657;2089
3658;2100
3659;2089
3660;2089
3661;2089
3662;2089
3663;2089
3664;2089
3665;2089
3666;2089
3667;2089
3668;2089
3669;2089
3670;2089
3671;2089
3672;2089
3673;2089
3674;2089
3675;2089
3676;2089
3677;2089
3678;2089
3679;2089
3680;2089
3681;2089
3682;2089
3683;2089
3684;2089
3685;2089
3686;2089
3687;2089
3688;2089
3689;2089
3690;2089
3691;2089
3692;2089
3693;2089
3694;2089
3695;2089
3696;2089
3697;2100
3698;2089
3699;2089
3700;2089
3701;2089
3702;2089
3703;2089
3704;2089
3705;2089
3706;2089
3707;2089
3708;2089
3709;2089
3710;2100
3711;2100
3712;2100
3713;2100
3714;2100
3715;2100
3716;2100
3717;2100
3718;2100
3719;2100
3720;2100
3721;2100
3722;2100
3723;2089
3724;2089
3725;2089
3726;2089
3727;2089
3728;2089
3729;2089
3730;2089
3731;2089
3732;2089
3733;2089
3734;2089
3735;2089
3736;2089
3737;2089
3738;2089
3739;2089
3740;2089
3741;2089
3742;2089
3743;2089
3744;2089
3745;2089
3746;2089
3747;2089
3748;2089
3749;2089
3750;2089
3751;2089
3752;2089
3753;2089
3754;2089
3755;2089
3756;2089
3757;2089
3758;2089
3759;2089
3760;2089
3761;2089
3762;2089
3763;2089
3764;2089
3765;2089
3766;2089
3767;2100
3768;2100
3769;2100
3770;2089
3771;2089
3772;2089
3773;2089
3774;2100
3775;2100
3776;2089
3777;2089
3778;2089
3779;2089
3780;2089
3781;2089
3782;2089
3783;2089
3784;2089
3785;2089
3786;2089
3787;2089
3788;2089
3789;2089
3790;2089
3791;2089
3792;2089
3793;2089
3794;2089
3795;2089
3796;2089
3797;2089
3798;2089
3799;2089
3800;2089
3801;2089
3802;2089
3803;2089
3804;2089
3805;2089
3806;2089
3807;2089
3808;2089
3809;2089
3810;2089
3811;2089
3812;2089
3813;2089
3814;2089
3815;2089
3816;2089
3817;2089
3818;2089
3819;2089
3820;2089
3821;2089
3822;2089
3823;2089
3824;2089
3825;2089
3826;2089
3827;2089
3828;2089
3829;2089
3830;2089
3831;2089
3832;2089
3833;2089
3834;2089
3835;2089
3836;2089
3837;2089
3838;2089
3839;2089
3840;2100
3841;2089
3842;2089
3843;2089
3844;2089
3845;2089
3846;2111
3847;2089
3848;2089
3849;2089
3850;2089
3851;2100
3852;2089
3853;2089
3854;2089
3855;2089
3856;2089
3857;2089
3858;2089
3859;2089
3860;2089
3861;2089
3862;2089
3863;2089
3864;2089
3865;2089
3866;2089
3867;2089
3868;2089
3869;2089
3870;2089
3871;2100
3872;2089
3873;2089
3874;2100
3875;2089
3876;2089
3877;2089
3878;2089
3879;2100
3880;2089
3881;2089
3882;2089
3883;2089
3884;2089
3885;2089
3886;2089
3887;2089
3888;2089
3889;2089
3890;2089
3891;2089
3892;2089
3893;2089
3894;2089
3895;2100
3896;2100
3897;2089
3898;2089
3899;2089
3900;2089
3901;2089
3902;2089
3903;2089
3904;2089
3905;2089
3906;2100
3907;2100
3908;2100
3909;2111
3910;2111
3911;2089
3912;2089
3913;2089
3914;2089
3915;2100
3916;2100
3917;2111
3918;2111
3919;2111
3920;2111
3921;2111
3922;2111
3923;2111
3924;2111
3925;2111
3926;2111
3927;2111
3928;2111
3929;2111
3930;2111
3931;2111
3932;2111
3933;2111
3934;2111
3935;2111
3936;2111
3937;2111
3938;2111
3939;2111
3940;2111
3941;2111
3942;2111
3943;2111
3944;2111
3945;2111
3946;2111
3947;2111
3948;2111
3949;2111
3950;2111
3951;2111
3952;2111
3953;2111
3954;2111
3955;2111
3956;2111
3957;2111
3958;2111
3959;2111
3960;2111
3961;2111
3962;2111
3963;2111
3964;2111
3965;2111
3966;2111
3967;2111
3968;2111
3969;2111
3970;2089
3971;2089
3972;2089
3973;2089
3974;2089
3975;2089
3976;2089
3977;2089
3978;2089
3979;2089
3980;2089
3981;2089
3982;2100
3983;2100
3984;2100
3985;2100
3986;2100
3987;2100
3988;2100
3989;2100
3990;2100
3991;2100
3992;2100
3993;2100
3994;2100
3995;2100
3996;2100
3997;2100
3998;2089
3999;2100
4000;2100
4001;2100
4002;2100
4003;2100
4004;2100
4005;2100
4006;2100
4007;2100
4008;2089
4009;2089
4010;2089
4011;2089
4012;2089
4013;2089
4014;2089
4015;2089
4016;2089
4017;2089
4018;2089
4019;2089
4020;2089
4021;2089
4022;2089
4023;2089
4024;2089
4025;2100
4026;2100
4027;2100
4028;2100
4029;2100
4030;2089
4031;2100
4032;2100
4033;2100
4034;2100
4035;2100
4036;2100
4037;2100
4038;2100
4039;2100
4040;2100
4041;2111
4042;2111
4043;2111
4044;2111
4045;2111
4046;2111
4047;2111
4048;2111
4049;2111
4050;2111
4051;2111
4052;2111
4053;2111
4054;2111
4055;2111
4056;2111
4057;2100
4058;2111
4059;2111
4060;2111
4061;2111
4062;2089
4063;2100
4064;2100
4065;2100
4066;2100
4067;2089
4068;2089
4069;2100
4070;2089
4071;2089
4072;2100
4073;2100
4074;2100
4075;2100
4076;2100
4077;2111
4078;2089
4079;2089
4080;2089
4081;2089
4082;2089
4083;2089
4084;2100
4085;2100
4086;2100
4087;2100
4088;2089
4089;2089
4090;2089
4091;2089
4092;2089
4093;2089
4094;2089
4095;2089
4096;2089
4097;2089
4098;2089
4099;2089
4100;2100
4101;2100
4102;2100
4103;2100
4104;2100
4105;2089
4106;2089
4107;2089
4108;2089
4109;2089
4110;2089
4111;2089
4112;2089
4113;2089
4114;2089
4115;2089
4116;2089
4117;2089
4118;2100
4119;2100
4120;2100
4121;2089
4122;2089
4123;2089
4124;2089
4125;2089
4126;2089
4127;2089
4128;2089
4129;2089
4130;2100
4131;2089
4132;2089
4133;2089
4134;2100
4135;2089
4136;2089
4137;2089
4138;2100
4139;2100
4140;2100
4141;2100
4142;2100
4143;2100
4144;2100
4145;2100
4146;2100
4147;2100
4148;2100
4149;2100
4150;2100
4151;2100
4152;2100
4153;2100
4154;2089
4155;2100
4156;2089
4157;2089
4158;2089
4159;2089
4160;2089
4161;2089
4162;2089
4163;2089
4164;2089
4165;2089
4166;2089
4167;2089
4168;2089
4169;2089
4170;2089
4171;2089
4172;2089
4173;2089
4174;2089
4175;2089
4176;2089
4177;2100
4178;2100
4179;2100
4180;2100
4181;2089
4182;2089
4183;2089
4184;2089
4185;2089
4186;2111
4187;2089
4188;2089
4189;2089
4190;2089
4191;2089
4192;2089
4193;2089
4194;2089
4195;2089
4196;2089
4197;2089
4198;2100
4199;2100
4200;2100
4201;2100
4202;2089
4203;2089
4204;2089
4205;2089
4206;2111
4207;2089
4208;2089
4209;2111
4210;2111
4211;2089
4212;2089
4213;2089
4214;2089
4215;2089
4216;2089
4217;2089
4218;2089
4219;2089
4220;2089
4221;2089
4222;2089
4223;2089
4224;2089
4225;2089
4226;2100
4227;2100
4228;2100
4229;2100
4230;2100
4231;2100
4232;2100
4233;2100
4234;2089
4235;2089
4236;2100
4237;2089
4238;2100
4239;2089
4240;2089
4241;2089
4242;2111
4243;2111
4244;2100
4245;2100
4246;2111
4247;2100
4248;2100
4249;2111
4250;2100
4251;2100
4252;2111
4253;2111
4254;2111
4255;2111
4256;2111
4257;2111
4258;2111
4259;2111
4260;2111
4261;2111
4262;2111
4263;2111
4264;2100
4265;2100
4266;2100
4267;2100
4268;2100
4269;2100
4270;2100
4271;2100
4272;2100
4273;2100
4274;2100
4275;2100
4276;2100
4277;2100
4278;2100
4279;2100
4280;2100
4281;2100
4282;2100
4283;2100
4284;2100
4285;2100
4286;2100
4287;2100
4288;2100
4289;2100
4290;2100
4291;2100
4292;2100
4293;2100
4294;2100
4295;2100
4296;2100
4297;2100
4298;2100
4299;2100
4300;2100
4301;2100
4302;2100
4303;2100
4304;2100
4305;2100
4306;2100
4307;2100
4308;2100
4309;2100
4310;2100
4311;2100
4312;2100
4313;2100
4314;2100
4315;2100
4316;2100
4317;2100
4318;2100
4319;2100
4320;2100
4321;2100
4322;2100
4323;2100
4324;2100
4325;2100
4326;2100
4327;2100
4328;2100
4329;2100
4330;2100
4331;2100
4332;2100
4333;2100
4334;2100
4335;2100
4336;2100
4337;2100
4338;2100
4339;2100
4340;2111
4341;2100
4342;2100
4343;2100
4344;2100
4345;2111
4346;2111
4347;2100
4348;2111
4349;2100
4350;2100
4351;2100
4352;2100
4353;2100
4354;2100
4355;2111
4356;2100
4357;2100
4358;2100
4359;2111
4360;2111
4361;2111
4362;2100
4363;2100
4364;2100
4365;2100
4366;2100
4367;2100
4368;2100
4369;2100
4370;2100
4371;2100
4372;2100
4373;2100
4374;2111
4375;2111
4376;2111
4377;2111
4378;2100
4379;2100
4380;2100
4381;2100
4382;2100
4383;2100
4384;2100
4385;2100
4386;2100
4387;2111
4388;2111
4389;2100
4390;2100
4391;2100
4392;2100
4393;2100
4394;2111
4395;2100
4396;2100
4397;2100
4398;2100
4399;2100
4400;2100
4401;2100
4402;2100
4403;2100
4404;2100
4405;2100
4406;2100
4407;2100
4408;2111
4409;2111
4410;2111
4411;2100
4412;2111
4413;2111
4414;2111
4415;2111
4416;2111
4417;2111
4418;2111
4419;2100
4420;2100
4421;2100
4422;2111
4423;2111
4424;2100
4425;2111
4426;2111
4427;2111
4428;2111
4429;2111
4430;2100
4431;2111
4432;2111
4433;2100
4434;2100
4435;2100
4436;2111
4437;2100
4438;2111
4439;2111
4440;2111
4441;2111
4442;2111
4443;2111
4444;2111
4445;2111
4446;2100
4447;2100
4448;2100
4449;2100
4450;2100
4451;2100
4452;2100
4453;2100
4454;2100
4455;2100
4456;2100
4457;2100
4458;2100
4459;2100
4460;2111
4461;2111
4462;2100
4463;2111
4464;2100
4465;2111
4466;2111
4467;2111
4468;2111
4469;2111
4470;2111
4471;2111
4472;2111
4473;2111
4474;2111
4475;2111
4476;2111
4477;2111
4478;2111
4479;2111
4480;2111
4481;2111
4482;2111
4483;2111
4484;2111
4485;2111
4486;2111
4487;2111
4488;2100
4489;2111
4490;2111
4491;2111
4492;2111
4493;2111
4494;2111
4495;2100
4496;2100
4497;2100
4498;2100
4499;2100
4500;2100
4501;2100
4502;2111
4503;2111
4504;2100
4505;2100
4506;2100
4507;2100
4508;2100
4509;2100
4510;2100
4511;2111
4512;2111
4513;2111
4514;2100
4515;2100
4516;2111
4517;2111
4518;2111
4519;2111
4520;2111
4521;2111
4522;2111
4523;2111
4524;2111
4525;2111
4526;2111
4527;2111
4528;2111
4529;2111
4530;2111
4531;2111
4532;2111
4533;2111
4534;2111
4535;2111
4536;2111
4537;2111
4538;2111
4539;2111
4540;2111
4541;2111
4542;2111
4543;2111
4544;2111
4545;2111
4546;2111
4547;2111
4548;2111
4549;2111
4550;2111
4551;2111
4552;2111
4553;2111
4554;2111
4555;2111
4556;2111
4557;2111
4558;2111
4559;2111
4560;2111
4561;2111
4562;2111
4563;2111
4564;2111
4565;2111
4566;2111
4567;2111
4568;2111
4569;2122
4570;2111
4571;2111
4572;2111
4573;2111
4574;2111
4575;2111
4576;2122
4577;2122
4578;2111
4579;2111
4580;2111
4581;2111
4582;2111
4583;2111
4584;2111
4585;2111
4586;2111
4587;2111
4588;2111
4589;2111
4590;2111
4591;2111
4592;2111
4593;2111
4594;2111
4595;2111
4596;2111
4597;2111
4598;2111
4599;2111
4600;2111
4601;2111
4602;2111
4603;2111
4604;2111
4605;2111
4606;2111
4607;2111
4608;2111
4609;2111
4610;2111
4611;2111
4612;2111
4613;2111
4614;2111
4615;2111
4616;2111
4617;2111
4618;2111
4619;2111
4620;2111
4621;2111
4622;2111
4623;2111
4624;2111
4625;2111
4626;2111
4627;2111
4628;2111
4629;2111
4630;2111
4631;2111
4632;2111
4633;2111
4634;2111
4635;2111
4636;2111
4637;2111
4638;2111
4639;2111
4640;2111
4641;2111
4642;2111
4643;2111
4644;2122
4645;2111
4646;2111
4647;2111
4648;2111
4649;2122
4650;2122
4651;2122
4652;2122
4653;2122
4654;2122
4655;2111
4656;2122
4657;2122
4658;2122
4659;2111
4660;2122
4661;2111
4662;2111
4663;2111
4664;2111
4665;2111
4666;2133
4667;2111
4668;2111
4669;2111
4670;2111
4671;2111
4672;2111
4673;2111
4674;2111
4675;2111
4676;2111
4677;2111
4678;2111
4679;2111
4680;2111
4681;2111
4682;2111
4683;2111
4684;2111
4685;2111
4686;2111
4687;2111
4688;2111
4689;2111
4690;2111
4691;2111
4692;2111
4693;2111
4694;2111
4695;2111
4696;2111
4697;2111
4698;2111
4699;2111
4700;2111
4701;2111
4702;2122
4703;2122
4704;2122
4705;2111
4706;2111
4707;2111
4708;2111
4709;2111
4710;2111
4711;2111
4712;2111
4713;2111
4714;2111
4715;2111
4716;2111
4717;2122
4718;2122
4719;2122
4720;2122
4721;2111
4722;2111
4723;2111
4724;2111
4725;2111
4726;2111
4727;2111
4728;2111
4729;2111
4730;2111
4731;2111
4732;2111
4733;2111
4734;2111
4735;2122
4736;2122
4737;2122
4738;2122
4739;2122
4740;2122
4741;2122
4742;2122
4743;2111
4744;2111
4745;2111
4746;2111
4747;2111
4748;2111
4749;2111
4750;2111
4751;2111
4752;2111
4753;2111
4754;2111
4755;2111
4756;2122
4757;2122
4758;2111
4759;2111
4760;2111
4761;2122
4762;2122
4763;2122
4764;2122
4765;2122
4766;2122
4767;2122
4768;2122
4769;2133
4770;2122
4771;2122
4772;2122
4773;2122
4774;2122
4775;2122
4776;2122
4777;2122
4778;2122
4779;2122
4780;2122
4781;2122
4782;2122
4783;2122
4784;2122
4785;2122
4786;2122
4787;2122
4788;2122
4789;2122
4790;2122
4791;2122
4792;2122
4793;2122
4794;2122
4795;2122
4796;2122
4797;2122
4798;2122
4799;2133
4800;2122
4801;2122
4802;2122
4803;2122
4804;2122
4805;2122
4806;2122
4807;2122
4808;2122
4809;2122
4810;2122
4811;2133
4812;2122
4813;2122
4814;2122
4815;2122
4816;2122
4817;2122
4818;2122
4819;2122
4820;2122
4821;2122
4822;2122
4823;2122
4824;2122
4825;2122
4826;2122
4827;2122
4828;2122
4829;2122
4830;2122
4831;2122
4832;2122
4833;2122
4834;2122
4835;2122
4836;2122
4837;2122
4838;2122
4839;2122
4840;2122
4841;2122
4842;2122
4843;2122
4844;2122
4845;2122
4846;2122
4847;2122
4848;2122
4849;2122
4850;2122
4851;2122
4852;2122
4853;2122
4854;2133
4855;2133
4856;2133
4857;2122
4858;2122
4859;2122
4860;2122
4861;2122
4862;2122
4863;2122
4864;2122
4865;2122
4866;2122
4867;2122
4868;2122
4869;2122
4870;2122
4871;2122
4872;2122
4873;2122
4874;2122
4875;2122
4876;2122
4877;2122
4878;2122
4879;2122
4880;2122
4881;2122
4882;2122
4883;2122
4884;2122
4885;2122
4886;2122
4887;2122
4888;2122
4889;2122
4890;2122
4891;2122
4892;2122
4893;2155
4894;2155
4895;2155
4896;2155
4897;2155
4898;2155
4899;2155
4900;2155
4901;2155
4902;2155
4903;2155
4904;2155
4905;2155
4906;2133
4907;2122
4908;2122
4909;2122
4910;2122
4911;2122
4912;2122
4913;2122
4914;2122
4915;2122
4916;2122
4917;2122
4918;2122
4919;2122
4920;2122
4921;2122
4922;2122
4923;2122
4924;2122
4925;2122
4926;2122
4927;2122
4928;2122
4929;2122
4930;2122
4931;2122
4932;2122
4933;2122
4934;2122
4935;2122
4936;2122
4937;2122
4938;2122
4939;2122
4940;2122
4941;2122
4942;2122
4943;2122
4944;2122
4945;2133
4946;2133
4947;2133
4948;2122
4949;2133
4950;2122
4951;2133
4952;2122
4953;2122
4954;2133
4955;2133
4956;2133
4957;2133
4958;2122
4959;2122
4960;2122
4961;2133
4962;2133
4963;2122
4964;2122
4965;2133
4966;2122
4967;2122
4968;2122
4969;2133
4970;2122
4971;2122
4972;2122
4973;2133
4974;2122
4975;2133
4976;2133
4977;2133
4978;2133
4979;2133
4980;2122
4981;2122
4982;2122
4983;2122
4984;2122
4985;2133
4986;2122
4987;2133
4988;2122
4989;2133
4990;2122
4991;2133
4992;2133
4993;2133
4994;2133
4995;2133
4996;2133
4997;2133
4998;2133
4999;2133
5000;2122
5001;2122
5002;2122
5003;2122
5004;2122
5005;2122
5006;2122
5007;2122
5008;2122
5009;2122
5010;2122
5011;2122
5012;2122
5013;2122
5014;2122
5015;2122
5016;2122
5017;2122
5018;2122
5019;2122
5020;2122
5021;2122
5022;2122
5023;2122
5024;2122
5025;2122
5026;2122
5027;2122
5028;2122
5029;2122
5030;2122
5031;2122
5032;2122
5033;2122
5034;2122
5035;2122
5036;2122
5037;2122
5038;2122
5039;2122
5040;2122
5041;2122
5042;2122
5043;2122
5044;2122
5045;2122
5046;2122
5047;2122
5048;2122
5049;2122
5050;2122
5051;2122
5052;2122
5053;2122
5054;2122
5055;2122
5056;2122
5057;2122
5058;2122
5059;2122
5060;2122
5061;2122
5062;2122
5063;2122
5064;2122
5065;2122
5066;2122
5067;2122
5068;2122
5069;2122
5070;2122
5071;2122
5072;2122
5073;2122
5074;2122
5075;2122
5076;2122
5077;2122
5078;2122
5079;2122
5080;2122
5081;2122
5082;2122
5083;2122
5084;2122
5085;2122
5086;2122
5087;2122
5088;2122
5089;2122
5090;2122
5091;2122
5092;2122
5093;2122
5094;2122
5095;2122
5096;2122
5097;2122
5098;2133
5099;2133
5100;2133
5101;2133
5102;2133
5103;2133
5104;2133
5105;2133
5106;2122
5107;2122
5108;2122
5109;2122
5110;2122
5111;2122
5112;2122
5113;2122
5114;2122
5115;2122
5116;2122
5117;2122
5118;2122
5119;2122
5120;2122
5121;2133
5122;2133
5123;2133
5124;2133
5125;2133
5126;2133
5127;2133
5128;2133
5129;2133
5130;2133
5131;2133
5132;2133
5133;2133
5134;2133
5135;2133
5136;2133
5137;2133
5138;2133
5139;2133
5140;2133
5141;2133
5142;2133
5143;2133
5144;2133
5145;2133
5146;2133
5147;2133
5148;2133
5149;2133
5150;2133
5151;2133
5152;2133
5153;2133
5154;2133
5155;2133
5156;2133
5157;2133
5158;2133
5159;2122
5160;2133
5161;2133
5162;2133
5163;2133
5164;2122
5165;2133
5166;2133
5167;2133
5168;2133
5169;2133
5170;2133
5171;2133
5172;2133
5173;2122
5174;2122
5175;2133
5176;2122
5177;2122
5178;2122
5179;2122
5180;2122
5181;2122
5182;2122
5183;2122
5184;2122
5185;2122
5186;2122
5187;2122
5188;2122
5189;2122
5190;2122
5191;2122
5192;2122
5193;2122
5194;2133
5195;2122
5196;2122
5197;2122
5198;2122
5199;2122
5200;2122
5201;2122
5202;2122
5203;2122
5204;2122
5205;2122
5206;2122
5207;2122
5208;2122
5209;2122
5210;2122
5211;2122
5212;2122
5213;2122
5214;2133
5215;2122
5216;2122
5217;2122
5218;2122
5219;2122
5220;2122
5221;2122
5222;2122
5223;2122
5224;2122
5225;2122
5226;2122
5227;2122
5228;2122
5229;2122
5230;2122
5231;2122
5232;2122
5233;2122
5234;2122
5235;2122
5236;2122
5237;2122
5238;2122
5239;2122
5240;2133
5241;2133
5242;2133
5243;2133
5244;2133
5245;2122
5246;2122
5247;2122
5248;2122
5249;2122
5250;2122
5251;2122
5252;2122
5253;2122
5254;2122
5255;2122
5256;2122
5257;2122
5258;2133
5259;2122
5260;2122
5261;2122
5262;2122
5263;2122
5264;2122
5265;2122
5266;2122
5267;2122
5268;2122
5269;2122
5270;2122
5271;2122
5272;2122
5273;2122
5274;2122
5275;2122
5276;2122
5277;2122
5278;2122
5279;2122
5280;2122
5281;2122
5282;2122
5283;2122
5284;2122
5285;2133
5286;2122
5287;2122
5288;2122
5289;2122
5290;2122
5291;2122
5292;2122
5293;2122
5294;2122
5295;2122
5296;2122
5297;2122
5298;2122
5299;2122
5300;2122
5301;2122
5302;2122
5303;2122
5304;2122
5305;2122
5306;2122
5307;2122
5308;2122
5309;2122
5310;2122
5311;2155
5312;2155
5313;2155
5314;2122
5315;2122
5316;2122
5317;2122
5318;2122
5319;2122
5320;2122
5321;2122
5322;2122
5323;2122
5324;2122
5325;2122
5326;2122
5327;2122
5328;2122
5329;2122
5330;2122
5331;2122
5332;2122
5333;2122
5334;2122
5335;2122
5336;2122
5337;2122
5338;2122
5339;2122
5340;2122
5341;2122
5342;2122
5343;2122
5344;2122
5345;2122
5346;2122
5347;2122
5348;2122
5349;2122
5350;2122
5351;2122
5352;2122
5353;2122
5354;2122
5355;2122
5356;2122
5357;2122
5358;2122
5359;2122
5360;2122
5361;2122
5362;2122
5363;2122
5364;2122
5365;2122
5366;2122
5367;2133
5368;2122
5369;2122
5370;2122
5371;2122
5372;2122
5373;2122
5374;2122
5375;2122
5376;2122
5377;2122
5378;2122
5379;2122
5380;2122
5381;2122
5382;2122
5383;2122
5384;2122
5385;2122
5386;2122
5387;2122
5388;2122
5389;2122
5390;2122
5391;2122
5392;2122
5393;2122
5394;2122
5395;2122
5396;2122
5397;2122
5398;2122
5399;2122
5400;2122
5401;2122
5402;2122
5403;2122
5404;2122
5405;2122
5406;2122
5407;2122
5408;2122
5409;2133
5410;2122
5411;2133
5412;2133
5413;2133
5414;2133
5415;2133
5416;2133
5417;2133
5418;2133
5419;2133
5420;2133
5421;2122
5422;2122
5423;2122
5424;2122
5425;2122
5426;2122
5427;2122
5428;2122
5429;2122
5430;2133
5431;2133
5432;2133
5433;2133
5434;2133
5435;2122
5436;2122
5437;2122
5438;2133
5439;2133
5440;2133
5441;2133
5442;2133
5443;2133
5444;2133
5445;2122
5446;2133
5447;2133
5448;2133
5449;2133
5450;2133
5451;2133
5452;2133
5453;2122
5454;2122
5455;2122
5456;2122
5457;2122
5458;2122
5459;2122
5460;2122
5461;2122
5462;2122
5463;2122
5464;2122
5465;2122
5466;2122
5467;2122
5468;2122
5469;2133
5470;2133
5471;2133
5472;2122
5473;2122
5474;2133
5475;2133
5476;2133
5477;2133
5478;2133
5479;2133
5480;2133
5481;2133
5482;2133
5483;2133
5484;2133
5485;2133
5486;2133
5487;2133
5488;2133
5489;2133
5490;2133
5491;2133
5492;2133
5493;2133
5494;2133
5495;2133
5496;2133
5497;2133
5498;2133
5499;2133
5500;2133
5501;2133
5502;2133
5503;2133
5504;2133
5505;2133
5506;2133
5507;2133
5508;2133
5509;2133
5510;2133
5511;2133
5512;2133
5513;2133
5514;2133
5515;2133
5516;2133
5517;2133
5518;2133
5519;2133
5520;2133
5521;2133
5522;2133
5523;2133
5524;2133
5525;2133
5526;2133
5527;2133
5528;2133
5529;2133
5530;2133
5531;2133
5532;2133
5533;2133
5534;2133
5535;2133
5536;2133
5537;2133
5538;2133
5539;2133
5540;2133
5541;2133
5542;2133
5543;2133
5544;2133
5545;2133
5546;2133
5547;2133
5548;2133
5549;2133
5550;2133
5551;2133
5552;2144
5553;2133
5554;2133
5555;2133
5556;2133
5557;2133
5558;2133
5559;2133
5560;2133
5561;2133
5562;2133
5563;2133
5564;2133
5565;2133
5566;2133
5567;2133
5568;2133
5569;2133
5570;2133
5571;2133
5572;2133
5573;2133
5574;2133
5575;2133
5576;2133
5577;2133
5578;2133
5579;2133
5580;2133
5581;2133
5582;2133
5583;2133
5584;2133
5585;2144
5586;2133
5587;2133
5588;2133
5589;2133
5590;2133
5591;2133
5592;2133
5593;2133
5594;2133
5595;2133
5596;2133
5597;2133
5598;2133
5599;2133
5600;2133
5601;2133
5602;2133
5603;2133
5604;2133
5605;2133
5606;2133
5607;2133
5608;2144
5609;2144
5610;2144
5611;2144
5612;2133
5613;2133
5614;2133
5615;2133
5616;2133
5617;2133
5618;2133
5619;2133
5620;2133
5621;2133
5622;2133
5623;2133
5624;2133
5625;2133
5626;2133
5627;2133
5628;2133
5629;2133
5630;2133
5631;2133
5632;2133
5633;2133
5634;2133
5635;2133
5636;2133
5637;2133
5638;2133
5639;2133
5640;2133
5641;2133
5642;2133
5643;2133
5644;2133
5645;2133
5646;2133
5647;2133
5648;2133
5649;2133
5650;2133
5651;2133
5652;2133
5653;2133
5654;2133
5655;2133
5656;2133
5657;2133
5658;2133
5659;2133
5660;2133
5661;2133
5662;2133
5663;2133
5664;2144
5665;2144
5666;2144
5667;2133
5668;2133
5669;2133
5670;2133
5671;2133
5672;2133
5673;2133
5674;2155
5675;2133
5676;2133
5677;2133
5678;2133
5679;2133
5680;2133
5681;2133
5682;2133
5683;2133
5684;2133
5685;2133
5686;2133
5687;2133
5688;2133
5689;2133
5690;2133
5691;2133
5692;2133
5693;2133
5694;2133
5695;2133
5696;2133
5697;2133
5698;2133
5699;2133
5700;2133
5701;2133
5702;2133
5703;2133
5704;2133
5705;2133
5706;2133
5707;2133
5708;2133
5709;2133
5710;2133
5711;2133
5712;2133
5713;2133
5714;2133
5715;2133
5716;2133
5717;2133
5718;2144
5719;2133
5720;2133
5721;2133
5722;2133
5723;2133
5724;2133
5725;2133
5726;2133
5727;2133
5728;2133
5729;2133
5730;2144
5731;2144
5732;2133
5733;2133
5734;2133
5735;2133
5736;2133
5737;2144
5738;2144
5739;2133
5740;2133
5741;2133
5742;2144
5743;2144
5744;2144
5745;2133
5746;2144
5747;2133
5748;2133
5749;2133
5750;2133
5751;2133
5752;2133
5753;2133
5754;2133
5755;2133
5756;2133
5757;2133
5758;2133
5759;2133
5760;2133
5761;2133
5762;2133
5763;2133
5764;2133
5765;2133
5766;2133
5767;2133
5768;2133
5769;2133
5770;2133
5771;2133
5772;2133
5773;2133
5774;2133
5775;2133
5776;2133
5777;2133
5778;2133
5779;2133
5780;2133
5781;2133
5782;2133
5783;2122
5784;2122
5785;2122
5786;2133
5787;2133
5788;2133
5789;2133
5790;2133
5791;2133
5792;2133
5793;2133
5794;2133
5795;2133
5796;2122
5797;2122
5798;2133
5799;2133
5800;2133
5801;2133
5802;2133
5803;2133
5804;2133
5805;2133
5806;2133
5807;2133
5808;2133
5809;2133
5810;2133
5811;2133
5812;2133
5813;2133
5814;2133
5815;2133
5816;2133
5817;2133
5818;2133
5819;2133
5820;2133
5821;2133
5822;2133
5823;2133
5824;2133
5825;2122
5826;2122
5827;2122
5828;2122
5829;2122
5830;2122
5831;2122
5832;2122
5833;2122
5834;2122
5835;2122
5836;2122
5837;2122
5838;2122
5839;2122
5840;2122
5841;2122
5842;2122
5843;2133
5844;2133
5845;2122
5846;2122
5847;2122
5848;2122
5849;2122
5850;2122
5851;2122
5852;2122
5853;2122
5854;2122
5855;2122
5856;2122
5857;2122
5858;2122
5859;2122
5860;2122
5861;2122
5862;2122
5863;2122
5864;2122
5865;2122
5866;2122
5867;2122
5868;2122
5869;2122
5870;2122
5871;2122
5872;2122
5873;2122
5874;2122
5875;2122
5876;2122
5877;2122
5878;2122
5879;2122
5880;2122
5881;2122
5882;2122
5883;2122
5884;2122
5885;2122
5886;2122
5887;2122
5888;2122
5889;2122
5890;2122
5891;2122
5892;2122
5893;2122
5894;2122
5895;2122
5896;2122
5897;2122
5898;2122
5899;2122
5900;2122
5901;2122
5902;2122
5903;2133
5904;2122
5905;2122
5906;2122
5907;2122
5908;2122
5909;2122
5910;2122
5911;2122
5912;2122
5913;2122
5914;2122
5915;2122
5916;2122
5917;2122
5918;2122
5919;2122
5920;2122
5921;2122
5922;2122
5923;2122
5924;2122
5925;2122
5926;2122
5927;2122
5928;2122
5929;2122
5930;2122
5931;2122
5932;2122
5933;2122
5934;2122
5935;2122
5936;2122
5937;2122
5938;2122
5939;2122
5940;2122
5941;2122
5942;2122
5943;2122
5944;2122
5945;2133
5946;2122
5947;2122
5948;2122
5949;2133
5950;2122
5951;2122
5952;2122
5953;2122
5954;2122
5955;2122
5956;2122
5957;2122
5958;2122
5959;2122
5960;2122
5961;2122
5962;2122
5963;2122
5964;2122
5965;2122
5966;2122
5967;2122
5968;2122
5969;2122
5970;2122
5971;2122
5972;2122
5973;2122
5974;2122
5975;2122
5976;2122
5977;2122
5978;2122
5979;2122
5980;2122
5981;2122
5982;2122
5983;2122
5984;2122
5985;2122
5986;2122
5987;2133
5988;2133
5989;2133
5990;2133
5991;2122
5992;2122
5993;2122
5994;2133
5995;2133
5996;2133
5997;2133
5998;2122
5999;2122
6000;2122
6001;2122
6002;2122
6003;2122
6004;2122
6005;2122
6006;2122
6007;2122
6008;2122
6009;2122
6010;2122
6011;2122
6012;2122
6013;2122
6014;2122
6015;2122
6016;2122
6017;2133
6018;2133
6019;2133
6020;2133
6021;2133
6022;2133
6023;2133
6024;2133
6025;2133
6026;2133
6027;2133
6028;2122
6029;2133
6030;2133
6031;2133
6032;2122
6033;2122
6034;2122
6035;2122
6036;2122
6037;2122
6038;2122
6039;2133
6040;2133
6041;2133
6042;2122
6043;2133
6044;2133
6045;2122
6046;2122
6047;2122
6048;2122
6049;2133
6050;2133
6051;2133
6052;2122
6053;2133
6054;2122
6055;2133
6056;2133
6057;2122
6058;2122
6059;2122
6060;2122
6061;2122
6062;2122
6063;2122
6064;2122
6065;2122
6066;2122
6067;2133
6068;2122
6069;2122
6070;2122
6071;2122
6072;2122
6073;2122
6074;2133
6075;2133
6076;2133
6077;2133
6078;2133
6079;2133
6080;2133
6081;2133
6082;2122
6083;2122
6084;2122
6085;2122
6086;2122
6087;2122
6088;2122
6089;2122
6090;2122
6091;2122
6092;2122
6093;2122
6094;2122
6095;2122
6096;2122
6097;2122
6098;2122
6099;2122
6100;2122
6101;2122
6102;2122
6103;2122
6104;2122
6105;2122
6106;2122
6107;2122
6108;2122
6109;2122
6110;2122
6111;2122
6112;2122
6113;2122
6114;2122
6115;2122
6116;2133
6117;2122
6118;2122
6119;2122
6120;2122
6121;2122
6122;2122
6123;2122
6124;2122
6125;2122
6126;2122
6127;2122
6128;2122
6129;2122
6130;2122
6131;2122
6132;2122
6133;2133
6134;2133
6135;2122
6136;2122
6137;2122
6138;2122
6139;2122
6140;2122
6141;2122
6142;2122
6143;2122
6144;2133
6145;2122
6146;2122
6147;2122
6148;2122
6149;2122
6150;2122
6151;2122
6152;2122
6153;2122
6154;2122
6155;2122
6156;2122
6157;2122
6158;2122
6159;2122
6160;2122
6161;2122
6162;2122
6163;2122
6164;2122
6165;2122
6166;2122
6167;2122
6168;2122
6169;2122
6170;2122
6171;2122
6172;2122
6173;2122
6174;2122
6175;2133
6176;2122
6177;2122
6178;2122
6179;2122
6180;2122
6181;2122
6182;2122
6183;2122
6184;2122
6185;2122
6186;2122
6187;2122
6188;2122
6189;2122
6190;2122
6191;2122
6192;2122
6193;2122
6194;2122
6195;2122
6196;2122
6197;2122
6198;2122
6199;2122
6200;2122
6201;2122
6202;2122
6203;2122
6204;2122
6205;2122
6206;2122
6207;2133
6208;2122
6209;2133
6210;2133
6211;2122
6212;2122
6213;2122
6214;2122
6215;2122
6216;2122
6217;2122
6218;2122
6219;2122
6220;2122
6221;2122
6222;2122
6223;2122
6224;2133
6225;2133
6226;2133
6227;2133
6228;2144
6229;2155
6230;2155
6231;2133
6232;2133
6233;2133
6234;2133
6235;2133
6236;2133
6237;2133
6238;2133
6239;2133
6240;2133
6241;2133
6242;2133
6243;2133
6244;2133
6245;2133
6246;2133
6247;2133
6248;2133
6249;2133
6250;2133
6251;2133
6252;2133
6253;2133
6254;2155
6255;2155
6256;2155
6257;2155
6258;2155
6259;2155
6260;2166
6261;2155
6262;2155
6263;2155
6264;2155
6265;2155
6266;2155
6267;2155
6268;2155
6269;2155
6270;2155
6271;2155
6272;2166
6273;2166
6274;2166
6275;2166
6276;2155
6277;2155
6278;2155
6279;2155
6280;2155
6281;2155
6282;2155
6283;2155
6284;2155
6285;2155
6286;2155
6287;2155
6288;2155
6289;2133
6290;2133
6291;2122
6292;2133
6293;2133
6294;2133
6295;2133
6296;2133
6297;2133
6298;2133
6299;2133
6300;2133
6301;2133
6302;2133
6303;2133
6304;2133
6305;2133
6306;2133
6307;2133
6308;2133
6309;2133
6310;2133
6311;2133
6312;2133
6313;2133
6314;2133
6315;2133
6316;2133
6317;2133
6318;2133
6319;2133
6320;2133
6321;2133
6322;2133
6323;2133
6324;2133
6325;2133
6326;2133
6327;2133
6328;2133
6329;2133
6330;2133
6331;2133
6332;2133
6333;2133
6334;2133
6335;2133
6336;2133
6337;2133
6338;2133
6339;2133
6340;2133
6341;2133
6342;2133
6343;2133
6344;2133
6345;2133
6346;2133
6347;2133
6348;2133
6349;2133
6350;2133
6351;2144
6352;2133
6353;2133
6354;2133
6355;2133
6356;2133
6357;2133
6358;2133
6359;2133
6360;2133
6361;2133
6362;2133
6363;2133
6364;2133
6365;2133
6366;2133
6367;2133
6368;2133
6369;2133
6370;2133
6371;2133
6372;2133
6373;2133
6374;2133
6375;2133
6376;2133
6377;2133
6378;2133
6379;2133
6380;2133
6381;2133
6382;2133
6383;2133
6384;2133
6385;2133
6386;2133
6387;2133
6388;2133
6389;2133
6390;2133
6391;2133
6392;2133
6393;2133
6394;2133
6395;2133
6396;2133
6397;2133
6398;2133
6399;2133
6400;2133
6401;2133
6402;2133
6403;2133
6404;2133
6405;2133
6406;2133
6407;2133
6408;2133
6409;2133
6410;2133
6411;2133
6412;2133
6413;2133
6414;2133
6415;2133
6416;2133
6417;2133
6418;2133
6419;2133
6420;2133
6421;2133
6422;2133
6423;2133
6424;2133
6425;2133
6426;2155
6427;2133
6428;2144
6429;2133
6430;2133
6431;2133
6432;2133
6433;2133
6434;2133
6435;2133
6436;2133
6437;2133
6438;2133
6439;2133
6440;2133
6441;2133
6442;2133
6443;2133
6444;2133
6445;2133
6446;2133
6447;2133
6448;2133
6449;2133
6450;2133
6451;2133
6452;2133
6453;2133
6454;2133
6455;2133
6456;2133
6457;2133
6458;2133
6459;2133
6460;2133
6461;2133
6462;2133
6463;2133
6464;2133
6465;2133
6466;2133
6467;2133
6468;2133
6469;2133
6470;2133
6471;2133
6472;2133
6473;2144
6474;2144
6475;2144
6476;2144
6477;2144
6478;2144
6479;2144
6480;2144
6481;2144
6482;2144
6483;2144
6484;2144
6485;2144
6486;2155
6487;2155
6488;2155
6489;2155
6490;2155
6491;2155
6492;2155
6493;2155
6494;2155
6495;2166
6496;2155
6497;2155
6498;2144
6499;2144
6500;2144
6501;2144
6502;2144
6503;2144
6504;2144
6505;2144
6506;2144
6507;2144
6508;2133
6509;2144
6510;2144
6511;2133
6512;2133
6513;2133
6514;2144
6515;2133
6516;2144
6517;2144
6518;2144
6519;2144
6520;2144
6521;2144
6522;2144
6523;2144
6524;2144
6525;2144
6526;2144
6527;2144
6528;2144
6529;2144
6530;2144
6531;2144
6532;2144
6533;2144
6534;2144
6535;2144
6536;2144
6537;2144
6538;2144
6539;2144
6540;2144
6541;2144
6542;2144
6543;2144
6544;2144
6545;2144
6546;2144
6547;2144
6548;2144
6549;2144
6550;2144
6551;2144
6552;2144
6553;2144
6554;2144
6555;2144
6556;2144
6557;2144
6558;2144
6559;2144
6560;2144
6561;2144
6562;2144
6563;2144
6564;2144
6565;2144
6566;2144
6567;2144
6568;2144
6569;2144
6570;2144
6571;2144
6572;2144
6573;2144
6574;2144
6575;2144
6576;2144
6577;2144
6578;2144
6579;2144
6580;2144
6581;2144
6582;2144
6583;2144
6584;2144
6585;2144
6586;2144
6587;2144
6588;2144
6589;2144
6590;2144
6591;2144
6592;2144
6593;2144
6594;2144
6595;2144
6596;2144
6597;2144
6598;2144
6599;2144
6600;2144
6601;2144
6602;2144
6603;2144
6604;2144
6605;2144
6606;2144
6607;2144
6608;2144
6609;2144
6610;2144
6611;2144
6612;2144
6613;2144
6614;2155
6615;2155
6616;2155
6617;2155
6618;2155
6619;2155
6620;2155
6621;2144
6622;2144
6623;2144
6624;2144
6625;2144
6626;2144
6627;2144
6628;2144
6629;2144
6630;2144
6631;2144
6632;2144
6633;2144
6634;2144
6635;2144
6636;2144
6637;2144
6638;2144
6639;2144
6640;2144
6641;2144
6642;2144
6643;2144
6644;2144
6645;2144
6646;2144
6647;2144
6648;2144
6649;2144
6650;2144
6651;2144
6652;2144
6653;2144
6654;2144
6655;2144
6656;2144
6657;2144
6658;2133
6659;2133
6660;2133
6661;2144
6662;2144
6663;2144
6664;2144
6665;2144
6666;2144
6667;2144
6668;2133
6669;2144
6670;2144
6671;2144
6672;2144
6673;2144
6674;2144
6675;2144
6676;2144
6677;2144
6678;2144
6679;2133
6680;2133
6681;2133
6682;2133
6683;2133
6684;2133
6685;2133
6686;2133
6687;2133
6688;2133
6689;2133
6690;2133
6691;2133
6692;2133
6693;2133
6694;2133
6695;2133
6696;2133
6697;2133
6698;2133
6699;2133
6700;2133
6701;2133
6702;2133
6703;2133
6704;2133
6705;2133
6706;2133
6707;2133
6708;2133
6709;2133
6710;2133
6711;2133
6712;2133
6713;2133
6714;2133
6715;2133
6716;2133
6717;2133
6718;2133
6719;2133
6720;2133
6721;2133
6722;2133
6723;2166
6724;2166
6725;2166
6726;2166
6727;2155
6728;2155
6729;2133
6730;2133
6731;2133
6732;2133
6733;2133
6734;2133
6735;2133
6736;2133
6737;2133
6738;2133
6739;2133
6740;2133
6741;2133
6742;2133
6743;2133
6744;2133
6745;2133
6746;2133
6747;2133
6748;2133
6749;2133
6750;2133
6751;2133
6752;2133
6753;2133
6754;2133
6755;2133
6756;2133
6757;2133
6758;2133
6759;2133
6760;2133
6761;2133
6762;2133
6763;2133
6764;2133
6765;2133
6766;2133
6767;2133
6768;2133
6769;2133
6770;2133
6771;2133
6772;2133
6773;2133
6774;2133
6775;2133
6776;2133
6777;2133
6778;2133
6779;2133
6780;2133
6781;2144
6782;2144
6783;2133
6784;2133
6785;2133
6786;2133
6787;2133
6788;2133
6789;2133
6790;2133
6791;2133
6792;2133
6793;2133
6794;2144
6795;2144
6796;2144
6797;2133
6798;2133
6799;2144
6800;2133
6801;2133
6802;2133
6803;2133
6804;2133
6805;2133
6806;2133
6807;2133
6808;2133
6809;2133
6810;2133
6811;2133
6812;2133
6813;2133
6814;2133
6815;2133
6816;2133
6817;2133
6818;2133
6819;2133
6820;2133
6821;2133
6822;2133
6823;2133
6824;2133
6825;2133
6826;2133
6827;2133
6828;2133
6829;2133
6830;2133
6831;2133
6832;2133
6833;2133
6834;2133
6835;2166
6836;2133
6837;2133
6838;2133
6839;2133
6840;2133
6841;2144
6842;2133
6843;2133
6844;2133
6845;2133
6846;2144
6847;2133
6848;2144
6849;2144
6850;2133
6851;2144
6852;2144
6853;2133
6854;2144
6855;2144
6856;2144
6857;2144
6858;2144
6859;2144
6860;2144
6861;2144
6862;2144
6863;2144
6864;2144
6865;2144
6866;2144
6867;2144
6868;2144
6869;2144
6870;2144
6871;2144
6872;2144
6873;2144
6874;2144
6875;2144
6876;2144
6877;2144
6878;2144
6879;2155
6880;2166
6881;2166
6882;2166
6883;2166
6884;2166
6885;2144
6886;2144
6887;2144
6888;2144
6889;2144
6890;2144
6891;2144
6892;2144
6893;2144
6894;2144
6895;2144
6896;2144
6897;2144
6898;2144
6899;2144
6900;2144
6901;2144
6902;2144
6903;2144
6904;2144
6905;2144
6906;2144
6907;2144
6908;2144
6909;2144
6910;2144
6911;2144
6912;2144
6913;2144
6914;2144
6915;2144
6916;2144
6917;2144
6918;2144
6919;2144
6920;2144
6921;2144
6922;2144
6923;2144
6924;2144
6925;2144
6926;2144
6927;2144
6928;2144
6929;2144
6930;2144
6931;2133
6932;2144
6933;2133
6934;2144
6935;2144
6936;2133
6937;2144
6938;2144
6939;2133
6940;2133
6941;2144
6942;2144
6943;2155
6944;2155
6945;2155
6946;2155
6947;2155
6948;2155
6949;2133
6950;2144
6951;2144
6952;2144
6953;2144
6954;2144
6955;2144
6956;2144
6957;2144
6958;2144
6959;2144
6960;2144
6961;2144
6962;2144
6963;2144
6964;2144
6965;2144
6966;2133
6967;2144
6968;2144
6969;2144
6970;2144
6971;2144
6972;2144
6973;2144
6974;2144
6975;2144
6976;2144
6977;2144
6978;2144
6979;2144
6980;2144
6981;2144
6982;2144
6983;2144
6984;2144
6985;2144
6986;2144
6987;2144
6988;2144
6989;2133
6990;2144
6991;2144
6992;2144
6993;2144
6994;2144
6995;2144
6996;2144
6997;2133
6998;2133
6999;2144
7000;2133
7001;2133
7002;2133
7003;2144
7004;2133
7005;2133
7006;2144
7007;2144
7008;2133
7009;2133
7010;2144
7011;2144
7012;2144
7013;2144
7014;2144
7015;2133
7016;2133
7017;2144
7018;2133
7019;2133
7020;2144
7021;2144
7022;2144
7023;2144
7024;2144
7025;2144
7026;2144
7027;2144
7028;2144
7029;2144
7030;2144
7031;2144
7032;2144
7033;2144
7034;2133
7035;2133
7036;2144
7037;2144
7038;2144
7039;2144
7040;2133
7041;2144
7042;2144
7043;2144
7044;2144
7045;2133
7046;2133
7047;2133
7048;2144
7049;2144
7050;2144
7051;2144
7052;2144
7053;2133
7054;2133
7055;2133
7056;2133
7057;2133
7058;2133
7059;2133
7060;2133
7061;2133
7062;2133
7063;2133
7064;2133
7065;2133
7066;2133
7067;2133
7068;2133
7069;2133
7070;2133
7071;2133
7072;2133
7073;2133
7074;2133
7075;2133
7076;2133
7077;2133
7078;2133
7079;2133
7080;2133
7081;2133
7082;2133
7083;2133
7084;2133
7085;2133
7086;2133
7087;2133
7088;2133
7089;2133
7090;2133
7091;2133
7092;2133
7093;2133
7094;2133
7095;2133
7096;2133
7097;2133
7098;2133
7099;2133
7100;2133
7101;2133
7102;2133
7103;2133
7104;2133
7105;2133
7106;2133
7107;2133
7108;2133
7109;2133
7110;2133
7111;2133
7112;2133
7113;2133
7114;2133
7115;2133
7116;2133
7117;2133
7118;2133
7119;2133
7120;2133
7121;2133
7122;2133
7123;2133
7124;2133
7125;2133
7126;2133
7127;2133
7128;2133
7129;2133
7130;2133
7131;2133
7132;2133
7133;2133
7134;2133
7135;2133
7136;2133
7137;2133
7138;2133
7139;2133
7140;2133
7141;2133
7142;2133
7143;2133
7144;2133
7145;2133
7146;2133
7147;2133
7148;2133
7149;2133
7150;2133
7151;2133
7152;2133
7153;2133
7154;2133
7155;2133
7156;2133
7157;2133
7158;2133
7159;2133
7160;2133
7161;2133
7162;2133
7163;2133
7164;2133
7165;2133
7166;2133
7167;2133
7168;2133
7169;2133
7170;2133
7171;2133
7172;2133
7173;2133
7174;2133
7175;2133
7176;2133
7177;2133
7178;2133
7179;2133
7180;2133
7181;2133
7182;2133
7183;2133
7184;2133
7185;2133
7186;2133
7187;2133
7188;2133
7189;2133
7190;2133
7191;2133
7192;2133
7193;2133
7194;2133
7195;2133
7196;2133
7197;2133
7198;2133
7199;2133
7200;2133
7201;2133
7202;2133
7203;2133
7204;2133
7205;2133
7206;2133
7207;2133
7208;2133
7209;2133
7210;2133
7211;2133
7212;2133
7213;2133
7214;2133
7215;2133
7216;2133
7217;2133
7218;2133
7219;2133
7220;2133
7221;2133
7222;2133
7223;2133
7224;2133
7225;2133
7226;2133
7227;2133
7228;2133
7229;2133
7230;2133
7231;2133
7232;2133
7233;2133
7234;2133
7235;2133
7236;2133
7237;2133
7238;2133
7239;2133
7240;2133
7241;2133
7242;2133
7243;2133
7244;2133
7245;2133
7246;2133
7247;2133
7248;2133
7249;2133
7250;2133
7251;2133
7252;2133
7253;2133
7254;2133
7255;2144
7256;2133
7257;2133
7258;2133
7259;2144
7260;2133
7261;2133
7262;2155
7263;2166
7264;2166
7265;2166
7266;2166
7267;2166
7268;2166
7269;2166
7270;2166
7271;2166
7272;2166
7273;2166
7274;2166
7275;2155
7276;2166
7277;2166
7278;2155
7279;2166
7280;2155
7281;2166
7282;2166
7283;2166
7284;2166
7285;2166
7286;2166
7287;2166
7288;2166
7289;2166
7290;2166
7291;2166
7292;2166
7293;2166
7294;2166
7295;2166
7296;2166
7297;2166
7298;2166
7299;2166
7300;2166
7301;2166
7302;2166
7303;2166
7304;2166
7305;2166
7306;2166
7307;2166
7308;2166
7309;2166
7310;2166
7311;2166
7312;2166
7313;2166
7314;2166
7315;2166
7316;2166
7317;2166
7318;2166
7319;2166
7320;2166
7321;2166
7322;2166
7323;2166
7324;2166
7325;2166
7326;2166
7327;2166
7328;2166
7329;2166
7330;2166
7331;2166
7332;2166
7333;2166
7334;2166
7335;2166
7336;2166
7337;2166
7338;2166
7339;2166
7340;2166
7341;2166
7342;2166
7343;2166
7344;2166
7345;2166
7346;2166
7347;2166
7348;2166
7349;2166
7350;2166
7351;2166
7352;2166
7353;2166
7354;2166
7355;2177
7356;2177
7357;2177
7358;2166
7359;2166
7360;2166
7361;2166
7362;2166
7363;2166
7364;2166
7365;2166
7366;2166
7367;2166
7368;2166
7369;2166
7370;2166
7371;2166
7372;2166
7373;2166
7374;2166
7375;2166
7376;2166
7377;2166
7378;2166
7379;2166
7380;2166
7381;2166
7382;2166
7383;2166
7384;2166
7385;2166
7386;2166
7387;2166
7388;2166
7389;2166
7390;2166
7391;2166
7392;2166
7393;2166
7394;2166
7395;2166
7396;2166
7397;2166
7398;2166
7399;2166
7400;2166
7401;2166
7402;2166
7403;2166
7404;2166
7405;2166
7406;2166
7407;2166
7408;2166
7409;2166
7410;2166
7411;2166
7412;2166
7413;2166
7414;2166
7415;2166
7416;2166
7417;2166
7418;2166
7419;2166
7420;2166
7421;2166
7422;2166
7423;2166
7424;2166
7425;2166
7426;2166
7427;2166
7428;2166
7429;2166
7430;2166
7431;2166
7432;2166
7433;2166
7434;2166
7435;2166
7436;2166
7437;2166
7438;2166
7439;2166
7440;2166
7441;2166
7442;2166
7443;2166
7444;2166
7445;2166
7446;2166
7447;2166
7448;2166
7449;2166
7450;2166
7451;2166
7452;2166
7453;2166
7454;2166
7455;2166
7456;2166
7457;2166
7458;2166
7459;2166
7460;2166
7461;2166
7462;2166
7463;2166
7464;2166
7465;2166
7466;2166
7467;2166
7468;2166
7469;2166
7470;2166
7471;2166
7472;2166
7473;2166
7474;2166
7475;2166
7476;2166
7477;2166
7478;2166
7479;2166
7480;2166
7481;2166
7482;2166
7483;2166
7484;2166
7485;2166
7486;2166
7487;2166
7488;2166
7489;2166
7490;2166
7491;2166
7492;2166
7493;2166
7494;2166
7495;2166
7496;2166
7497;2166
7498;2166
7499;2166
7500;2166
7501;2166
7502;2166
7503;2166
7504;2166
7505;2166
7506;2166
7507;2166
7508;2166
7509;2166
7510;2166
7511;2177
7512;2177
7513;2166
7514;2166
7515;2166
7516;2166
7517;2166
7518;2166
7519;2166
7520;2166
7521;2166
7522;2166
7523;2166
7524;2166
7525;2166
7526;2166
7527;2166
7528;2166
7529;2166
7530;2166
7531;2166
7532;2166
7533;2166
7534;2166
7535;2166
7536;2166
7537;2166
7538;2166
7539;2166
7540;2166
7541;2177
7542;2177
7543;2177
7544;2177
7545;2166
7546;2166
7547;2166
7548;2166
7549;2166
7550;2166
7551;2166
7552;2166
7553;2166
7554;2166
7555;2166
7556;2166
7557;2166
7558;2166
7559;2166
7560;2166
7561;2166
7562;2166
7563;2166
7564;2166
7565;2166
7566;2166
7567;2166
7568;2166
7569;2166
7570;2166
7571;2166
7572;2166
7573;2166
7574;2166
7575;2166
7576;2166
7577;2166
7578;2166
7579;2166
7580;2166
7581;2166
7582;2166
7583;2166
7584;2166
7585;2166
7586;2166
7587;2166
7588;2166
7589;2166
7590;2166
7591;2166
7592;2166
7593;2166
7594;2166
7595;2166
7596;2166
7597;2166
7598;2166
7599;2166
7600;2166
7601;2166
7602;2166
7603;2166
7604;2166
7605;2166
7606;2166
7607;2166
7608;2166
7609;2166
7610;2166
7611;2166
7612;2166
7613;2166
7614;2166
7615;2166
7616;2166
7617;2166
7618;2166
7619;2166
7620;2166
7621;2166
7622;2166
7623;2166
7624;2177
7625;2177
7626;2177
7627;2177
7628;2177
7629;2177
7630;2177
7631;2177
7632;2177
7633;2177
7634;2166
7635;2166
7636;2177
7637;2177
7638;2177
7639;2177
7640;2166
7641;2166
7642;2166
7643;2166
7644;2166
7645;2166
7646;2166
7647;2166
7648;2177
7649;2177
7650;2177
7651;2177
7652;2177
7653;2177
7654;2177
7655;2177
7656;2177
7657;2177
7658;2177
7659;2177
7660;2177
7661;2177
7662;2177
7663;2177
7664;2177
7665;2177
7666;2177
7667;2177
7668;2177
7669;2166
7670;2166
7671;2166
7672;2166
7673;2177
7674;2177
7675;2177
7676;2177
7677;2177
7678;2177
7679;2177
7680;2177
7681;2177
7682;2177
7683;2177
7684;2166
7685;2166
7686;2177
7687;2177
7688;2177
7689;2177
7690;2177
7691;2177
7692;2166
7693;2177
7694;2177
7695;2177
7696;2166
7697;2166
7698;2166
7699;2166
7700;2166
7701;2166
7702;2166
7703;2166
7704;2166
7705;2166
7706;2166
7707;2166
7708;2166
7709;2166
7710;2166
7711;2166
7712;2166
7713;2166
7714;2166
7715;2166
7716;2166
7717;2166
7718;2166
7719;2166
7720;2166
7721;2166
7722;2166
7723;2166
7724;2166
7725;2166
7726;2166
7727;2166
7728;2166
7729;2166
7730;2166
7731;2166
7732;2166
7733;2166
7734;2166
7735;2166
7736;2166
7737;2166
7738;2166
7739;2166
7740;2166
7741;2166
7742;2166
7743;2166
7744;2166
7745;2166
7746;2166
7747;2177
7748;2177
7749;2166
7750;2166
7751;2166
7752;2166
7753;2166
7754;2166
7755;2166
7756;2166
7757;2166
7758;2166
7759;2166
7760;2166
7761;2166
7762;2166
7763;2166
7764;2166
7765;2166
7766;2166
7767;2166
7768;2166
7769;2166
7770;2166
7771;2166
7772;2166
7773;2166
7774;2166
7775;2166
7776;2166
7777;2166
7778;2166
7779;2166
7780;2166
7781;2166
7782;2166
7783;2166
7784;2166
7785;2166
7786;2166
7787;2166
7788;2166
7789;2166
7790;2166
7791;2166
7792;2166
7793;2166
7794;2166
7795;2166
7796;2166
7797;2166
7798;2166
7799;2166
7800;2166
7801;2166
7802;2166
7803;2166
7804;2166
7805;2166
7806;2166
7807;2166
7808;2166
7809;2166
7810;2166
7811;2166
7812;2166
7813;2166
7814;2166
7815;2166
7816;2166
7817;2166
7818;2166
7819;2166
7820;2166
7821;2166
7822;2166
7823;2166
7824;2166
7825;2166
7826;2166
7827;2166
7828;2166
7829;2166
7830;2166
7831;2166
7832;2166
7833;2166
7834;2166
7835;2166
7836;2166
7837;2166
7838;2166
7839;2166
7840;2166
7841;2166
7842;2166
7843;2166
7844;2166
7845;2166
7846;2166
7847;2166
7848;2166
7849;2166
7850;2166
7851;2166
7852;2166
7853;2166
7854;2166
7855;2166
7856;2166
7857;2166
7858;2166
7859;2166
7860;2166
7861;2166
7862;2166
7863;2166
7864;2166
7865;2166
7866;2166
7867;2166
7868;2166
7869;2166
7870;2166
7871;2166
7872;2166
7873;2166
7874;2166
7875;2166
7876;2166
7877;2166
7878;2166
7879;2166
7880;2166
7881;2166
7882;2166
7883;2166
7884;2166
7885;2166
7886;2166
7887;2166
7888;2166
7889;2166
7890;2166
7891;2166
7892;2166
7893;2166
7894;2166
7895;2166
7896;2166
7897;2166
7898;2166
7899;2166
7900;2166
7901;2166
7902;2177
7903;2166
7904;2166
7905;2166
7906;2166
7907;2166
7908;2166
7909;2166
7910;2166
7911;2166
7912;2166
7913;2166
7914;2166
7915;2166
7916;2166
7917;2166
7918;2166
7919;2166
7920;2166
7921;2166
7922;2166
7923;2166
7924;2166
7925;2166
7926;2166
7927;2166
7928;2166
7929;2166
7930;2166
7931;2166
7932;2166
7933;2166
7934;2166
7935;2166
7936;2166
7937;2166
7938;2166
7939;2166
7940;2166
7941;2166
7942;2166
7943;2166
7944;2166
7945;2166
7946;2166
7947;2166
7948;2166
7949;2166
7950;2166
7951;2166
7952;2166
7953;2166
7954;2166
7955;2177
7956;2177
7957;2177
7958;2177
7959;2177
7960;2177
7961;2177
7962;2177
7963;2177
7964;2177
7965;2177
7966;2166
7967;2166
7968;2166
7969;2166
7970;2166
7971;2166
7972;2166
7973;2166
7974;2166
7975;2166
7976;2166
7977;2166
7978;2166
7979;2166
7980;2177
7981;2166
7982;2166
7983;2166
7984;2166
7985;2166
7986;2166
7987;2166
7988;2166
7989;2166
7990;2166
7991;2166
7992;2166
7993;2166
7994;2166
7995;2166
7996;2166
7997;2166
7998;2166
7999;2166
8000;2166
8001;2166
8002;2166
8003;2166
8004;2166
8005;2166
8006;2166
8007;2166
8008;2166
8009;2166
8010;2166
8011;2166
8012;2166
8013;2166
8014;2166
8015;2166
8016;2166
8017;2166
8018;2166
8019;2166
8020;2166
8021;2166
8022;2166
8023;2166
8024;2166
8025;2166
8026;2166
8027;2166
8028;2166
8029;2166
8030;2166
8031;2166
8032;2166
8033;2166
8034;2166
8035;2166
8036;2166
8037;2166
8038;2166
8039;2166
8040;2166
8041;2166
8042;2166
8043;2166
8044;2166
8045;2166
8046;2166
8047;2166
8048;2166
8049;2166
8050;2166
8051;2166
8052;2166
8053;2166
8054;2166
8055;2166
8056;2166
8057;2166
8058;2166
8059;2166
8060;2166
8061;2166
8062;2166
8063;2166
8064;2166
8065;2166
8066;2166
8067;2166
8068;2166
8069;2166
8070;2166
8071;2166
8072;2166
8073;2166
8074;2177
8075;2177
8076;2177
8077;2177
8078;2166
8079;2177
8080;2177
8081;2166
8082;2166
8083;2166
8084;2166
8085;2166
8086;2166
8087;2166
8088;2166
8089;2166
8090;2177
8091;2177
8092;2177
8093;2166
8094;2166
8095;2166
8096;2166
8097;2166
8098;2166
8099;2166
8100;2166
8101;2166
8102;2166
8103;2166
8104;2166
8105;2166
8106;2166
8107;2166
8108;2166
8109;2166
8110;2166
8111;2166
8112;2166
8113;2166
8114;2166
8115;2166
8116;2166
8117;2166
8118;2166
8119;2166
8120;2166
8121;2166
8122;2166
8123;2166
8124;2166
8125;2166
8126;2166
8127;2166
8128;2166
8129;2166
8130;2166
8131;2166
8132;2166
8133;2166
8134;2166
8135;2166
8136;2166
8137;2166
8138;2166
8139;2166
8140;2166
8141;2166
8142;2166
8143;2166
8144;2177
8145;2177
8146;2177
8147;2177
8148;2177
8149;2177
8150;2177
8151;2177
8152;2177
8153;2177
8154;2166
8155;2166
8156;2166
8157;2166
8158;2166
8159;2166
8160;2166
8161;2166
8162;2166
8163;2166
8164;2166
8165;2166
8166;2166
8167;2166
8168;2166
8169;2166
8170;2166
8171;2166
8172;2166
8173;2166
8174;2166
8175;2166
8176;2166
8177;2166
8178;2166
8179;2166
8180;2166
8181;2166
8182;2166
8183;2166
8184;2166
8185;2166
8186;2166
8187;2166
8188;2166
8189;2166
8190;2166
8191;2177
8192;2177
8193;2177
8194;2166
8195;2166
8196;2166
8197;2166
8198;2166
8199;2166
8200;2166
8201;2166
8202;2166
8203;2166
8204;2166
8205;2166
8206;2166
8207;2166
8208;2166
8209;2166
8210;2166
8211;2177
8212;2166
8213;2166
8214;2166
8215;2166
8216;2166
8217;2166
8218;2166
8219;2166
8220;2166
8221;2166
8222;2166
8223;2166
8224;2166
8225;2166
8226;2166
8227;2166
8228;2177
8229;2166
8230;2166
8231;2166
8232;2166
8233;2166
8234;2166
8235;2166
8236;2166
8237;2166
8238;2166
8239;2166
8240;2166
8241;2166
8242;2166
8243;2166
8244;2166
8245;2166
8246;2166
8247;2166
8248;2166
8249;2166
8250;2166
8251;2166
8252;2166
8253;2166
8254;2166
8255;2166
8256;2166
8257;2166
8258;2177
8259;2177
8260;2166
8261;2166
8262;2166
8263;2166
8264;2166
8265;2177
8266;2166
8267;2166
8268;2166
8269;2166
8270;2166
8271;2166
8272;2166
8273;2177
8274;2177
8275;2177
8276;2177
8277;2177
8278;2177
8279;2177
8280;2177
8281;2177
8282;2177
8283;2166
8284;2166
8285;2166
8286;2166
8287;2166
8288;2166
8289;2166
8290;2166
8291;2166
8292;2166
8293;2166
8294;2166
8295;2166
8296;2166
8297;2166
8298;2166
8299;2166
8300;2166
8301;2166
8302;2166
8303;2166
8304;2166
8305;2166
8306;2177
8307;2177
8308;2166
8309;2166
8310;2177
8311;2177
8312;2177
8313;2177
8314;2177
8315;2177
8316;2177
8317;2177
8318;2177
8319;2177
8320;2177
8321;2177
8322;2177
8323;2177
8324;2177
8325;2177
8326;2177
8327;2177
8328;2177
8329;2177
8330;2177
8331;2177
8332;2177
8333;2177
8334;2177
8335;2177
8336;2177
8337;2177
8338;2177
8339;2177
8340;2177
8341;2177
8342;2177
8343;2177
8344;2177
8345;2177
8346;2177
8347;2177
8348;2177
8349;2177
8350;2177
8351;2177
8352;2177
8353;2177
8354;2177
8355;2177
8356;2177
8357;2177
8358;2177
8359;2177
8360;2177
8361;2177
8362;2177
8363;2177
8364;2177
8365;2177
8366;2177
8367;2177
8368;2177
8369;2177
8370;2177
8371;2177
8372;2177
8373;2177
8374;2177
8375;2177
8376;2166
8377;2166
8378;2166
8379;2166
8380;2166
8381;2166
8382;2166
8383;2166
8384;2166
8385;2166
8386;2166
8387;2166
8388;2166
8389;2166
8390;2166
8391;2166
8392;2166
8393;2166
8394;2166
8395;2166
8396;2166
8397;2166
8398;2166
8399;2166
8400;2166
8401;2166
8402;2166
8403;2166
8404;2166
8405;2166
8406;2166
8407;2166
8408;2166
8409;2166
8410;2166
8411;2166
8412;2166
8413;2166
8414;2166
8415;2166
8416;2166
8417;2166
8418;2166
8419;2166
8420;2166
8421;2166
8422;2166
8423;2166
8424;2166
8425;2166
8426;2166
8427;2166
8428;2166
8429;2166
8430;2166
8431;2166
8432;2166
8433;2166
8434;2166
8435;2166
8436;2166
8437;2166
8438;2166
8439;2166
8440;2166
8441;2166
8442;2166
8443;2166
8444;2166
8445;2166
8446;2177
8447;2177
8448;2166
8449;2166
8450;2166
8451;2166
8452;2166
8453;2166
8454;2166
8455;2166
8456;2166
8457;2166
8458;2166
8459;2166
8460;2166
8461;2166
8462;2166
8463;2166
8464;2166
8465;2166
8466;2166
8467;2166
8468;2166
8469;2166
8470;2166
8471;2166
8472;2166
8473;2166
8474;2166
8475;2166
8476;2166
8477;2166
8478;2166
8479;2166
8480;2166
8481;2166
8482;2166
8483;2166
8484;2166
8485;2177
8486;2177
8487;2177
8488;2177
8489;2177
8490;2177
8491;2177
8492;2177
8493;2177
8494;2177
8495;2177
8496;2177
8497;2177
8498;2177
8499;2177
8500;2177
8501;2177
8502;2177
8503;2177
8504;2177
8505;2177
8506;2166
8507;2166
8508;2166
8509;2166
8510;2166
8511;2166
8512;2166
8513;2166
8514;2166
8515;2166
8516;2166
8517;2166
8518;2166
8519;2166
8520;2166
8521;2166
8522;2177
8523;2166
8524;2166
8525;2166
8526;2166
8527;2166
8528;2166
8529;2177
8530;2177
8531;2177
8532;2177
8533;2177
8534;2177
8535;2177
8536;2177
8537;2177
8538;2166
8539;2166
8540;2166
8541;2166
8542;2166
8543;2166
8544;2166
8545;2166
8546;2177
8547;2166
8548;2166
8549;2166
8550;2166
8551;2166
8552;2166
8553;2166
8554;2166
8555;2166
8556;2166
8557;2166
8558;2166
8559;2166
8560;2166
8561;2166
8562;2166
8563;2166
8564;2166
8565;2166
8566;2166
8567;2166
8568;2166
8569;2166
8570;2166
8571;2166
8572;2166
8573;2166
8574;2166
8575;2166
8576;2166
8577;2166
8578;2166
8579;2166
8580;2166
8581;2166
8582;2166
8583;2166
8584;2166
8585;2166
8586;2166
8587;2166
8588;2166
8589;2166
8590;2166
8591;2166
8592;2166
8593;2177
8594;2177
8595;2177
8596;2177
8597;2177
8598;2177
8599;2177
8600;2177
8601;2177
8602;2177
8603;2166
8604;2166
8605;2166
8606;2166
8607;2166
8608;2166
8609;2166
8610;2166
8611;2166
8612;2166
8613;2166
8614;2166
8615;2166
8616;2166
8617;2166
8618;2166
8619;2177
8620;2166
8621;2166
8622;2166
8623;2166
8624;2166
8625;2166
8626;2166
8627;2166
8628;2166
8629;2166
8630;2166
8631;2166
8632;2166
8633;2166
8634;2166
8635;2166
8636;2166
8637;2166
8638;2166
8639;2166
8640;2166
8641;2166
8642;2166
8643;2166
8644;2166
8645;2166
8646;2166
8647;2166
8648;2166
8649;2166
8650;2166
8651;2166
8652;2166
8653;2166
8654;2166
8655;2166
8656;2166
8657;2166
8658;2166
8659;2166
8660;2166
8661;2177
8662;2177
8663;2166
8664;2166
8665;2166
8666;2166
8667;2166
8668;2166
8669;2166
8670;2166
8671;2166
8672;2166
8673;2166
8674;2177
8675;2166
8676;2166
8677;2166
8678;2166
8679;2166
8680;2166
8681;2166
8682;2166
8683;2166
8684;2166
8685;2166
8686;2166
8687;2166
8688;2166
8689;2166
8690;2166
8691;2177
8692;2166
8693;2166
8694;2166
8695;2166
8696;2166
8697;2166
8698;2166
8699;2166
8700;2166
8701;2166
8702;2166
8703;2166
8704;2166
8705;2177
8706;2166
8707;2166
8708;2166
8709;2166
8710;2166
8711;2166
8712;2166
8713;2166
8714;2166
8715;2166
8716;2166
8717;2166
8718;2166
8719;2166
8720;2166
8721;2166
8722;2166
8723;2166
8724;2166
8725;2166
8726;2166
8727;2166
8728;2166
8729;2166
8730;2166
8731;2177
8732;2177
8733;2177
8734;2166
8735;2166
8736;2166
8737;2166
8738;2166
8739;2166
8740;2166
8741;2166
8742;2166
8743;2166
8744;2166
8745;2166
8746;2166
8747;2166
8748;2166
8749;2166
8750;2166
8751;2166
8752;2166
8753;2177
8754;2177
8755;2177
8756;2177
8757;2166
8758;2177
8759;2177
8760;2177
8761;2177
8762;2177
8763;2177
8764;2166
8765;2166
8766;2177
8767;2177
8768;2166
8769;2166
8770;2166
8771;2166
8772;2166
8773;2166
8774;2166
8775;2166
8776;2166
8777;2166
8778;2166
8779;2166
8780;2166
8781;2166
8782;2166
8783;2166
8784;2166
8785;2166
8786;2166
8787;2166
8788;2166
8789;2166
8790;2166
8791;2166
8792;2166
8793;2166
8794;2166
8795;2166
8796;2166
8797;2166
8798;2166
8799;2166
8800;2166
8801;2166
8802;2166
8803;2166
8804;2166
8805;2166
8806;2166
8807;2166
8808;2166
8809;2166
8810;2166
8811;2166
8812;2166
8813;2166
8814;2166
8815;2166
8816;2166
8817;2166
8818;2166
8819;2177
8820;2177
8821;2177
8822;2166
8823;2166
8824;2166
8825;2166
8826;2166
8827;2177
8828;2166
8829;2166
8830;2166
8831;2166
8832;2166
8833;2177
8834;2166
8835;2166
8836;2166
8837;2166
8838;2166
8839;2166
8840;2166
8841;2166
8842;2166
8843;2177
8844;2177
8845;2177
8846;2166
8847;2166
8848;2166
8849;2177
8850;2177
8851;2177
8852;2177
8853;2177
8854;2177
8855;2177
8856;2177
8857;2177
8858;2177
8859;2177
8860;2177
8861;2177
8862;2177
8863;2177
8864;2177
8865;2177
8866;2177
8867;2177
8868;2177
8869;2177
8870;2177
8871;2177
8872;2177
8873;2177
8874;2177
8875;2177
8876;2177
8877;2177
8878;2177
8879;2177
8880;2177
8881;2177
8882;2177
8883;2177
8884;2177
8885;2177
8886;2177
8887;2177
8888;2177
8889;2177
8890;2177
8891;2177
8892;2177
8893;2177
8894;2177
8895;2177
8896;2177
8897;2177
8898;2177
8899;2177
8900;2177
8901;2177
8902;2177
8903;2177
8904;2177
8905;2177
8906;2177
8907;2177
8908;2177
8909;2177
8910;2177
8911;2177
8912;2177
8913;2177
8914;2177
8915;2177
8916;2177
8917;2177
8918;2177
8919;2177
8920;2177
8921;2177
8922;2177
8923;2177
8924;2177
8925;2177
8926;2177
8927;2177
8928;2177
8929;2177
8930;2177
8931;2177
8932;2177
8933;2177
8934;2177
8935;2177
8936;2177
8937;2177
8938;2177
8939;2177
8940;2177
8941;2177
8942;2177
8943;2177
8944;2177
8945;2177
8946;2177
8947;2177
8948;2177
8949;2177
8950;2177
8951;2177
8952;2177
8953;2177
8954;2177
8955;2177
8956;2177
8957;2177
8958;2177
8959;2188
8960;2188
8961;2188
8962;2177
8963;2177
8964;2177
8965;2177
8966;2177
8967;2177
8968;2177
8969;2177
8970;2177
8971;2177
8972;2177
8973;2177
8974;2177
8975;2177
8976;2177
8977;2177
8978;2177
8979;2177
8980;2177
8981;2177
8982;2177
8983;2177
8984;2177
8985;2177
8986;2177
8987;2177
8988;2177
8989;2177
8990;2177
8991;2177
8992;2177
8993;2177
8994;2177
8995;2177
8996;2177
8997;2177
8998;2177
8999;2177
9000;2177
9001;2177
9002;2177
9003;2177
9004;2177
9005;2177
9006;2177
9007;2177
9008;2177
9009;2177
9010;2177
9011;2177
9012;2177
9013;2177
9014;2177
9015;2177
9016;2177
9017;2177
9018;2177
9019;2177
9020;2177
9021;2177
9022;2177
9023;2177
9024;2177
9025;2177
9026;2177
9027;2177
9028;2177
9029;2177
9030;2177
9031;2177
9032;2177
9033;2177
9034;2177
9035;2177
9036;2177
9037;2177
9038;2188
9039;2188
9040;2188
9041;2177
9042;2188
9043;2177
9044;2188
9045;2188
9046;2188
9047;2177
9048;2177
9049;2177
9050;2177
9051;2188
9052;2188
9053;2188
9054;2177
9055;2177
9056;2177
9057;2188
9058;2188
9059;2188
9060;2188
9061;2188
9062;2188
9063;2188
9064;2188
9065;2177
9066;2188
9067;2188
9068;2188
9069;2188
9070;2188
9071;2188
9072;2188
9073;2177
9074;2188
9075;2188
9076;2188
9077;2188
9078;2188
9079;2188
9080;2177
9081;2177
9082;2177
9083;2177
9084;2177
9085;2177
9086;2177
9087;2188
9088;2177
9089;2177
9090;2188
9091;2188
9092;2199
9093;2199
9094;2188
9095;2188
9096;2188
9097;2188
9098;2188
9099;2188
9100;2188
9101;2177
9102;2188
9103;2177
9104;2188
9105;2188
9106;2188
9107;2188
9108;2177
9109;2188
9110;2177
9111;2177
9112;2177
9113;2177
9114;2177
9115;2177
9116;2177
9117;2177
9118;2177
9119;2177
9120;2177
9121;2177
9122;2177
9123;2177
9124;2177
9125;2177
9126;2177
9127;2177
9128;2177
9129;2177
9130;2177
9131;2177
9132;2177
9133;2177
9134;2177
9135;2177
9136;2177
9137;2177
9138;2177
9139;2177
9140;2177
9141;2177
9142;2177
9143;2177
9144;2177
9145;2177
9146;2177
9147;2188
9148;2177
9149;2177
9150;2177
9151;2177
9152;2177
9153;2177
9154;2177
9155;2177
9156;2177
9157;2177
9158;2177
9159;2177
9160;2177
9161;2177
9162;2177
9163;2177
9164;2177
9165;2177
9166;2177
9167;2177
9168;2177
9169;2177
9170;2177
9171;2177
9172;2177
9173;2177
9174;2177
9175;2177
9176;2177
9177;2177
9178;2177
9179;2177
9180;2177
9181;2177
9182;2177
9183;2177
9184;2177
9185;2177
9186;2177
9187;2177
9188;2177
9189;2177
9190;2177
9191;2177
9192;2177
9193;2177
9194;2177
9195;2177
9196;2188
9197;2177
9198;2177
9199;2177
9200;2177
9201;2177
9202;2177
9203;2177
9204;2177
9205;2177
9206;2177
9207;2177
9208;2177
9209;2177
9210;2177
9211;2177
9212;2177
9213;2177
9214;2177
9215;2177
9216;2177
9217;2177
9218;2177
9219;2177
9220;2177
9221;2177
9222;2177
9223;2177
9224;2177
9225;2177
9226;2188
9227;2188
9228;2188
9229;2177
9230;2177
9231;2177
9232;2177
9233;2177
9234;2177
9235;2177
9236;2177
9237;2177
9238;2177
9239;2177
9240;2177
9241;2177
9242;2177
9243;2177
9244;2177
9245;2177
9246;2177
9247;2177
9248;2177
9249;2177
9250;2177
9251;2177
9252;2177
9253;2177
9254;2177
9255;2177
9256;2177
9257;2177
9258;2177
9259;2177
9260;2177
9261;2177
9262;2177
9263;2177
9264;2177
9265;2177
9266;2177
9267;2177
9268;2177
9269;2177
9270;2177
9271;2177
9272;2177
9273;2177
9274;2177
9275;2177
9276;2177
9277;2177
9278;2177
9279;2177
9280;2177
9281;2177
9282;2177
9283;2177
9284;2177
9285;2177
9286;2177
9287;2177
9288;2177
9289;2177
9290;2177
9291;2177
9292;2188
9293;2188
9294;2177
9295;2177
9296;2177
9297;2177
9298;2177
9299;2177
9300;2177
9301;2177
9302;2177
9303;2177
9304;2177
9305;2177
9306;2177
9307;2177
9308;2177
9309;2177
9310;2177
9311;2177
9312;2177
9313;2177
9314;2177
9315;2177
9316;2177
9317;2177
9318;2177
9319;2177
9320;2177
9321;2188
9322;2177
9323;2177
9324;2177
9325;2177
9326;2177
9327;2177
9328;2177
9329;2177
9330;2177
9331;2177
9332;2177
9333;2177
9334;2177
9335;2177
9336;2177
9337;2177
9338;2177
9339;2177
9340;2177
9341;2177
9342;2177
9343;2177
9344;2177
9345;2177
9346;2177
9347;2177
9348;2177
9349;2177
9350;2177
9351;2177
9352;2177
9353;2177
9354;2177
9355;2177
9356;2177
9357;2177
9358;2177
9359;2177
9360;2177
9361;2177
9362;2177
9363;2177
9364;2177
9365;2177
9366;2177
9367;2177
9368;2177
9369;2177
9370;2177
9371;2177
9372;2177
9373;2177
9374;2177
9375;2177
9376;2177
9377;2177
9378;2177
9379;2177
9380;2177
9381;2177
9382;2177
9383;2177
9384;2177
9385;2177
9386;2177
9387;2177
9388;2188
9389;2188
9390;2177
9391;2177
9392;2177
9393;2177
9394;2177
9395;2177
9396;2177
9397;2177
9398;2177
9399;2177
9400;2177
9401;2177
9402;2177
9403;2177
9404;2177
9405;2177
9406;2177
9407;2177
9408;2177
9409;2177
9410;2177
9411;2177
9412;2177
9413;2177
9414;2177
9415;2177
9416;2177
9417;2177
9418;2177
9419;2177
9420;2177
9421;2177
9422;2177
9423;2177
9424;2177
9425;2188
9426;2188
9427;2177
9428;2177
9429;2177
9430;2177
9431;2177
9432;2177
9433;2177
9434;2177
9435;2177
9436;2177
9437;2177
9438;2177
9439;2188
9440;2177
9441;2177
9442;2177
9443;2177
9444;2177
9445;2177
9446;2177
9447;2177
9448;2177
9449;2177
9450;2177
9451;2177
9452;2177
9453;2188
9454;2177
9455;2177
9456;2177
9457;2177
9458;2177
9459;2177
9460;2177
9461;2177
9462;2177
9463;2177
9464;2177
9465;2177
9466;2177
9467;2177
9468;2177
9469;2177
9470;2177
9471;2177
9472;2177
9473;2177
9474;2177
9475;2177
9476;2177
9477;2188
9478;2188
9479;2188
9480;2188
9481;2188
9482;2188
9483;2188
9484;2188
9485;2188
9486;2188
9487;2188
9488;2188
9489;2188
9490;2188
9491;2188
9492;2188
9493;2188
9494;2188
9495;2188
9496;2188
9497;2188
9498;2188
9499;2188
9500;2188
9501;2188
9502;2188
9503;2188
9504;2188
9505;2188
9506;2188
9507;2188
9508;2188
9509;2188
9510;2188
9511;2188
9512;2188
9513;2188
9514;2188
9515;2188
9516;2188
9517;2188
9518;2188
9519;2188
9520;2188
9521;2188
9522;2188
9523;2188
9524;2188
9525;2188
9526;2188
9527;2188
9528;2188
9529;2188
9530;2188
9531;2188
9532;2188
9533;2177
9534;2188
9535;2188
9536;2188
9537;2188
9538;2177
9539;2177
9540;2177
9541;2177
9542;2188
9543;2188
9544;2188
9545;2188
9546;2188
9547;2188
9548;2188
9549;2188
9550;2188
9551;2188
9552;2188
9553;2188
9554;2188
9555;2177
9556;2177
9557;2177
9558;2177
9559;2188
9560;2188
9561;2188
9562;2188
9563;2188
9564;2177
9565;2188
9566;2188
9567;2188
9568;2188
9569;2188
9570;2177
9571;2177
9572;2177
9573;2177
9574;2177
9575;2177
9576;2177
9577;2177
9578;2177
9579;2177
9580;2177
9581;2177
9582;2177
9583;2177
9584;2177
9585;2177
9586;2177
9587;2177
9588;2177
9589;2177
9590;2177
9591;2177
9592;2177
9593;2177
9594;2177
9595;2177
9596;2177
9597;2177
9598;2177
9599;2177
9600;2177
9601;2177
9602;2177
9603;2177
9604;2177
9605;2177
9606;2177
9607;2188
9608;2177
9609;2177
9610;2177
9611;2177
9612;2188
9613;2188
9614;2188
9615;2188
9616;2188
9617;2188
9618;2188
9619;2188
9620;2188
9621;2177
9622;2177
9623;2177
9624;2177
9625;2177
9626;2177
9627;2177
9628;2177
9629;2177
9630;2177
9631;2177
9632;2177
9633;2177
9634;2177
9635;2177
9636;2177
9637;2177
9638;2177
9639;2177
9640;2177
9641;2177
9642;2177
9643;2177
9644;2177
9645;2177
9646;2177
9647;2177
9648;2177
9649;2177
9650;2177
9651;2177
9652;2177
9653;2177
9654;2177
9655;2177
9656;2177
9657;2177
9658;2177
9659;2177
9660;2177
9661;2177
9662;2177
9663;2177
9664;2177
9665;2177
9666;2177
9667;2177
9668;2177
9669;2177
9670;2177
9671;2177
9672;2177
9673;2177
9674;2177
9675;2177
9676;2177
9677;2177
9678;2177
9679;2177
9680;2177
9681;2177
9682;2177
9683;2177
9684;2177
9685;2177
9686;2177
9687;2177
9688;2177
9689;2177
9690;2177
9691;2177
9692;2177
9693;2177
9694;2177
9695;2177
9696;2177
9697;2177
9698;2177
9699;2177
9700;2177
9701;2177
9702;2177
9703;2177
9704;2177
9705;2177
9706;2177
9707;2177
9708;2177
9709;2177
9710;2177
9711;2177
9712;2177
9713;2177
9714;2177
9715;2177
9716;2177
9717;2177
9718;2177
9719;2177
9720;2177
9721;2177
9722;2177
9723;2177
9724;2177
9725;2177
9726;2177
9727;2177
9728;2177
9729;2177
9730;2177
9731;2177
9732;2177
9733;2177
9734;2177
9735;2177
9736;2177
9737;2177
9738;2177
9739;2177
9740;2177
9741;2177
9742;2177
9743;2177
9744;2177
9745;2177
9746;2177
9747;2177
9748;2177
9749;2177
9750;2177
9751;2177
9752;2177
9753;2177
9754;2177
9755;2177
9756;2177
9757;2177
9758;2177
9759;2177
9760;2177
9761;2177
9762;2177
9763;2177
9764;2177
9765;2177
9766;2177
9767;2177
9768;2177
9769;2177
9770;2177
9771;2177
9772;2177
9773;2177
9774;2177
9775;2177
9776;2177
9777;2177
9778;2177
9779;2177
9780;2177
9781;2177
9782;2188
9783;2188
9784;2188
9785;2188
9786;2188
9787;2188
9788;2188
9789;2188
9790;2188
9791;2188
9792;2188
9793;2177
9794;2177
9795;2177
9796;2177
9797;2177
9798;2177
9799;2177
9800;2177
9801;2177
9802;2177
9803;2188
9804;2177
9805;2177
9806;2177
9807;2177
9808;2177
9809;2177
9810;2177
9811;2177
9812;2177
9813;2177
9814;2177
9815;2177
9816;2177
9817;2177
9818;2177
9819;2177
9820;2177
9821;2177
9822;2177
9823;2177
9824;2177
9825;2177
9826;2188
9827;2177
9828;2177
9829;2177
9830;2177
9831;2177
9832;2177
9833;2177
9834;2177
9835;2177
9836;2177
9837;2177
9838;2177
9839;2177
9840;2177
9841;2177
9842;2177
9843;2177
9844;2177
9845;2177
9846;2177
9847;2177
9848;2177
9849;2177
9850;2177
9851;2177
9852;2177
9853;2177
9854;2177
9855;2177
9856;2177
9857;2177
9858;2177
9859;2177
9860;2177
9861;2177
9862;2177
9863;2177
9864;2177
9865;2177
9866;2177
9867;2177
9868;2177
9869;2177
9870;2177
9871;2177
9872;2177
9873;2188
9874;2188
9875;2188
9876;2188
9877;2188
9878;2188
9879;2188
9880;2188
9881;2188
9882;2188
9883;2177
9884;2188
9885;2188
9886;2188
9887;2188
9888;2188
9889;2188
9890;2188
9891;2188
9892;2188
9893;2188
9894;2188
9895;2177
9896;2177
9897;2177
9898;2177
9899;2177
9900;2177
9901;2177
9902;2177
9903;2177
9904;2177
9905;2177
9906;2177
9907;2177
9908;2177
9909;2177
9910;2177
9911;2177
9912;2188
9913;2177
9914;2177
9915;2177
9916;2177
9917;2177
9918;2177
9919;2177
9920;2188
9921;2188
9922;2188
9923;2188
9924;2177
9925;2177
9926;2177
9927;2177
9928;2177
9929;2177
9930;2177
9931;2177
9932;2177
9933;2177
9934;2177
9935;2177
9936;2177
9937;2177
9938;2177
9939;2177
9940;2177
9941;2177
9942;2177
9943;2177
9944;2177
9945;2177
9946;2177
9947;2177
9948;2177
9949;2177
9950;2177
9951;2177
9952;2177
9953;2177
9954;2177
9955;2177
9956;2177
9957;2177
9958;2177
9959;2177
9960;2177
9961;2177
9962;2177
9963;2177
9964;2177
9965;2177
9966;2177
9967;2177
9968;2177
9969;2177
9970;2177
9971;2177
9972;2177
9973;2177
9974;2177
9975;2177
9976;2177
9977;2177
9978;2177
9979;2177
9980;2177
9981;2177
9982;2177
9983;2177
9984;2177
9985;2177
9986;2177
9987;2177
9988;2177
9989;2188
9990;2188
9991;2188
9992;2177
9993;2177
9994;2177
9995;2177
9996;2177
9997;2177
9998;2177
9999;2177
